state_code,labels,first_funding_at,age_first_funding_year,age_last_funding_year,relationships,funding_rounds,funding_total_usd,milestones,is_CA,is_NY,is_MA,is_TX,is_otherstate,category_code,is_software,is_web,is_mobile,is_enterprise,is_advertising,is_gamesvideo,is_ecommerce,is_biotech,is_consulting,is_othercategory,object_id,has_VC,has_angel,has_roundA,has_roundB,has_roundC,has_roundD,avg_participants,is_top500
2,1,286,2.2493,3.0027,3,3,375000,3,1,0,0,0,0,19,0,0,0,0,0,0,0,0,0,1,788,0,1,0,0,0,0,1.0,0
2,1,210,5.126,9.9973,9,4,40100000,1,1,0,0,0,0,8,0,0,0,1,0,0,0,0,0,0,166,1,0,0,1,1,1,4.75,1
2,1,269,1.0329,1.0329,5,1,2600000,2,1,0,0,0,0,34,0,1,0,0,0,0,0,0,0,0,784,0,0,1,0,0,0,4.0,1
2,1,212,3.1315,5.3151,5,3,40000000,1,1,0,0,0,0,30,1,0,0,0,0,0,0,0,0,0,574,0,0,0,1,1,1,3.3333,1
2,0,477,0.0,1.6685,2,2,1300000,1,1,0,0,0,0,11,0,0,0,0,0,1,0,0,0,0,785,1,1,0,0,0,0,1.0,1
2,0,446,4.5452,4.5452,3,1,7500000,1,1,0,0,0,0,20,0,0,0,0,0,0,0,0,0,1,303,0,0,0,1,0,0,3.0,1
2,1,542,1.7205,5.211,6,3,26000000,2,1,0,0,0,0,30,1,0,0,0,0,0,0,0,0,0,158,1,0,1,1,0,0,1.6667,1
2,1,500,1.6466,6.7616,25,3,34100000,3,1,0,0,0,0,10,0,0,0,0,0,0,0,0,0,1,679,0,0,1,1,0,1,3.5,1
12,1,493,3.5863,11.1123,13,3,9650000,4,0,0,1,0,0,18,0,0,1,0,0,0,0,0,0,0,14,1,0,1,0,0,1,4.0,1
2,1,199,1.6712,4.6849,14,3,5750000,4,1,0,0,0,0,34,0,1,0,0,0,0,0,0,0,0,655,1,1,1,0,0,0,1.0,1
2,1,425,4.6274,9.4493,22,3,27500000,3,1,0,0,0,0,18,0,0,1,0,0,0,0,0,0,0,534,0,0,1,1,0,0,1.0,1
2,0,199,1.0849,5.3370000000000015,8,5,10400000,2,1,0,0,0,0,34,0,1,0,0,0,0,0,0,0,0,644,1,1,1,0,0,0,1.75,1
11,0,142,4.9041,4.9041,0,1,350000,0,0,0,0,0,1,34,0,1,0,0,0,0,0,0,0,0,415,1,0,0,0,0,0,1.0,0
22,1,188,0.0192,2.4356,15,3,9950000,3,0,1,0,0,0,7,0,0,0,0,0,0,0,0,0,1,112,0,0,1,1,1,0,2.3333,1
3,1,510,4.6658,8.9973,12,5,10700000,1,0,0,0,0,1,30,1,0,0,0,0,0,0,0,0,0,132,0,0,1,1,0,0,2.5,1
30,0,517,6.6082,6.6082,0,1,200000,0,0,0,0,0,1,24,0,0,0,0,0,0,0,0,0,1,700,1,0,0,0,0,0,1.0,0
2,0,493,2.5863,6.7644,8,5,49000000,1,1,0,0,0,0,27,0,0,0,0,0,0,0,0,0,1,186,1,0,1,1,1,1,3.5,1
2,1,197,4.5918,7.1726,7,4,25000000,3,1,0,0,0,0,11,0,0,0,0,0,1,0,0,0,0,20,0,0,1,1,1,1,3.5,1
22,1,553,0.7425,1.5808,10,3,4575000,3,0,1,0,0,0,34,0,1,0,0,0,0,0,0,0,0,666,0,1,1,0,0,0,5.0,1
2,0,448,2.5014,2.8301,13,2,28000000,3,1,0,0,0,0,8,0,0,0,1,0,0,0,0,0,0,364,0,0,1,1,0,0,1.0,1
28,1,253,2.2137,3.7863,8,2,4355000,3,0,0,0,1,0,30,1,0,0,0,0,0,0,0,0,0,294,0,1,1,0,0,0,1.5,0
31,0,99,3.8329,3.8329,3,1,15000000,1,0,0,0,0,1,22,0,0,0,0,0,0,0,0,0,1,231,0,0,0,1,0,0,2.0,1
2,0,406,5.4904,5.4904,1,1,3170000,1,1,0,0,0,0,34,0,1,0,0,0,0,0,0,0,0,142,0,0,1,0,0,0,2.0,0
2,0,7,-1.0,3.3151,4,2,2300000,3,1,0,0,0,0,18,0,0,1,0,0,0,0,0,0,0,21,0,1,1,0,0,0,2.0,0
3,0,474,0.2521,0.337,5,2,455000,0,0,0,0,0,1,24,0,0,0,0,0,0,0,0,0,1,621,0,1,1,0,0,0,4.5,1
9,1,147,4.8411,4.8411,3,1,13000000,1,0,0,0,0,1,30,1,0,0,0,0,0,0,0,0,0,617,0,0,0,0,1,0,4.0,1
2,1,35,4.0603,4.0603,7,1,15000000,1,1,0,0,0,0,24,0,0,0,0,0,0,0,0,0,1,444,0,0,0,0,1,0,4.0,1
2,1,401,4.0685,4.0685,2,1,3800000,3,1,0,0,0,0,23,0,0,0,0,0,0,0,0,0,1,397,0,0,0,1,0,0,2.0,1
28,1,114,2.5068,4.5315,37,5,299500000,2,0,0,0,1,0,34,0,1,0,0,0,0,0,0,0,0,500,1,0,1,0,1,0,1.75,1
2,1,473,1.189,1.189,5,1,1000000,3,1,0,0,0,0,12,0,0,0,0,0,0,0,0,0,1,487,1,0,0,0,0,0,2.0,1
2,0,366,1.3534,2.1644,3,2,10500000,1,1,0,0,0,0,22,0,0,0,0,0,0,0,0,0,1,285,0,0,1,1,0,0,2.0,1
31,1,223,4.1534,5.1671,6,2,8600000,1,0,0,0,0,1,24,0,0,0,0,0,0,0,0,0,1,401,1,0,0,1,0,0,1.5,1
18,0,473,-0.1671,2.0192,9,2,5000000,0,0,0,0,0,1,30,1,0,0,0,0,0,0,0,0,0,383,0,0,1,1,0,0,2.5,1
2,1,11,0.0,0.8685,3,2,2304999,2,1,0,0,0,0,18,0,0,1,0,0,0,0,0,0,0,119,1,0,0,0,0,0,5.0,1
25,0,429,0.0822,0.0822,2,1,25000,0,0,0,0,0,1,27,0,0,0,0,0,0,0,0,0,1,472,0,1,0,0,0,0,1.0,0
22,0,224,2.6575,2.6575,1,1,4000000,1,0,1,0,0,0,30,1,0,0,0,0,0,0,0,0,0,608,0,0,0,1,0,0,1.0,1
2,0,486,0.6192,1.5945,8,2,14600000,3,1,0,0,0,0,30,1,0,0,0,0,0,0,0,0,0,438,0,0,1,1,0,0,2.0,1
2,0,40,1.063,5.7014,0,3,44000000,0,1,0,0,0,0,12,0,0,0,0,0,0,0,0,0,1,482,0,0,0,1,1,0,4.5,1
2,1,166,0.1671,2.6493,10,3,1822922,3,1,0,0,0,0,6,0,0,0,0,0,0,1,0,0,0,302,0,1,1,0,0,0,2.3333,1
22,1,239,0.0,5.9041,18,7,29915001,5,0,1,0,0,0,0,0,0,0,0,1,0,0,0,0,0,53,1,1,1,1,1,0,2.75,1
7,1,323,0.0,4.8027,26,4,33000000,5,0,0,0,0,1,8,0,0,0,1,0,0,0,0,0,0,55,0,0,1,1,1,0,3.0,1
19,1,478,0.0,0.5836,9,2,125000,2,0,0,0,0,1,18,0,0,1,0,0,0,0,0,0,0,114,0,1,0,0,0,0,1.0,0
2,0,236,0.1041,2.3863,7,2,4000000,2,1,0,0,0,0,33,0,0,0,0,0,0,0,0,0,1,81,1,0,1,0,0,0,1.0,1
31,1,156,3.4904,3.4904,10,1,10000000,3,0,0,0,0,1,8,0,0,0,1,0,0,0,0,0,0,530,0,0,0,0,1,0,2.0,1
2,1,511,4.6658,4.6658,25,1,6000000,4,1,0,0,0,0,0,0,0,0,0,1,0,0,0,0,0,687,0,0,0,0,1,0,3.0,1
2,1,489,2.6247,2.6247,4,1,25000000,0,1,0,0,0,0,30,1,0,0,0,0,0,0,0,0,0,169,0,0,0,1,0,0,5.0,1
22,1,155,0.926,2.9534,2,3,3750000,3,0,1,0,0,0,9,0,0,0,0,0,0,0,0,0,1,581,0,1,1,0,0,0,2.0,1
12,1,26,0.2466,0.2466,9,1,3000000,2,0,0,1,0,0,30,1,0,0,0,0,0,0,0,0,0,460,0,0,1,0,0,0,1.0,1
2,1,175,3.2082,3.2082,11,1,10000000,2,1,0,0,0,0,30,1,0,0,0,0,0,0,0,0,0,322,0,0,0,0,0,1,2.0,1
2,1,475,2.5836,2.5836,5,1,3000000,1,1,0,0,0,0,34,0,1,0,0,0,0,0,0,0,0,521,0,0,1,0,0,0,1.0,1
12,1,140,1.8932,2.4466,4,2,11500000,3,0,0,1,0,0,18,0,0,1,0,0,0,0,0,0,0,656,0,0,0,0,0,0,1.0,1
28,1,472,0.7479,0.7479,12,1,5000000,5,0,0,0,1,0,34,0,1,0,0,0,0,0,0,0,0,334,0,0,1,0,0,0,3.0,1
12,1,276,5.1863,6.8137,9,2,29000000,1,0,0,1,0,0,24,0,0,0,0,0,0,0,0,0,1,290,1,0,0,0,0,1,5.0,1
2,1,7,0.6712,6.2329,37,6,34700000,4,1,0,0,0,0,8,0,0,0,1,0,0,0,0,0,0,25,1,1,1,1,1,1,5.0,1
2,0,278,1.1863,3.4986,0,2,12050000,0,1,0,0,0,0,30,1,0,0,0,0,0,0,0,0,0,596,1,0,1,0,0,0,2.0,1
2,1,241,2.1644,4.7616,13,3,12000000,2,1,0,0,0,0,1,0,0,0,0,0,0,0,0,0,1,829,1,0,1,1,0,0,2.0,1
2,1,245,4.1041,4.1041,18,1,5500000,1,1,0,0,0,0,5,0,0,0,0,0,0,0,0,1,0,254,0,0,0,0,1,0,2.0,1
2,1,402,1.989,4.1534,10,3,24000000,4,1,0,0,0,0,30,1,0,0,0,0,0,0,0,0,0,357,0,0,1,1,0,0,3.3333,1
17,1,530,5.2027,6.189,6,2,10000000,2,0,0,0,0,1,18,0,0,1,0,0,0,0,0,0,0,738,0,0,1,1,0,0,4.5,1
12,0,529,2.7836,10.9507,10,3,19009671,1,0,0,1,0,0,3,0,0,0,0,0,0,0,1,0,0,480,0,0,0,1,0,0,2.0,1
2,0,428,3.4986,3.4986,6,1,5000000,1,1,0,0,0,0,4,0,0,0,0,0,0,0,0,0,1,867,0,0,1,0,0,0,1.0,1
31,1,27,4.0466,9.3041,2,5,18914576,1,0,0,0,0,1,8,0,0,0,1,0,0,0,0,0,0,265,1,0,0,0,1,0,3.0,1
6,0,339,6.3726,6.3726,0,1,4000000,0,0,0,0,0,1,30,1,0,0,0,0,0,0,0,0,0,610,1,0,0,0,0,0,3.0,0
12,1,269,1.3259999999999998,2.7836,5,3,2030882,2,0,0,1,0,0,30,1,0,0,0,0,0,0,0,0,0,317,0,0,1,0,0,0,3.0,1
2,1,498,2.6438,2.6438,4,1,5000000,2,1,0,0,0,0,4,0,0,0,0,0,0,0,0,0,1,344,0,0,0,1,0,0,1.0,1
31,0,1,1.0877,1.0877,5,1,20500000,0,0,0,0,0,1,30,1,0,0,0,0,0,0,0,0,0,860,1,0,0,0,0,0,4.0,1
3,1,29,3.9616,6.5205,4,2,13250000,4,0,0,0,0,1,0,0,0,0,0,1,0,0,0,0,0,11,1,0,0,0,0,0,2.0,0
2,1,301,7.2548,7.2548,7,1,12000000,1,1,0,0,0,0,27,0,0,0,0,0,0,0,0,0,1,362,0,0,0,0,0,0,2.0,1
2,1,7,1.3342,3.0247,9,3,11489687,2,1,0,0,0,0,0,0,0,0,0,1,0,0,0,0,0,387,0,1,1,1,0,0,3.3333,1
2,1,558,0.6795,0.6795,15,1,4000000,3,1,0,0,0,0,34,0,1,0,0,0,0,0,0,0,0,18,0,0,1,0,0,0,3.0,1
2,1,374,-0.0301,-0.0301,3,1,355000,1,1,0,0,0,0,30,1,0,0,0,0,0,0,0,0,0,252,0,1,0,0,0,0,1.0,0
6,1,6,0.0,0.2466,10,2,118000,3,0,0,0,0,1,34,0,1,0,0,0,0,0,0,0,0,185,0,1,0,0,0,0,1.5,1
2,1,518,1.6685,9.337,17,4,40400000,3,1,0,0,0,0,0,0,0,0,0,1,0,0,0,0,0,193,0,0,1,1,1,1,1.6667,1
28,0,82,1.8055,1.8055,1,1,3000000,0,0,0,0,1,0,30,1,0,0,0,0,0,0,0,0,0,382,0,0,1,0,0,0,1.0,1
2,0,530,2.6986,4.0027,2,2,19700000,1,1,0,0,0,0,30,1,0,0,0,0,0,0,0,0,0,627,1,0,0,1,0,0,4.0,1
2,0,240,9.1671,9.1973,0,2,17800000,0,1,0,0,0,0,30,1,0,0,0,0,0,0,0,0,0,578,1,0,0,0,0,0,1.0,1
2,1,272,0.011,2.0986,12,3,57500000,3,1,0,0,0,0,23,0,0,0,0,0,0,0,0,0,1,582,0,1,1,1,0,0,4.0,1
22,1,520,0.6658,3.0384,10,3,17200000,5,0,1,0,0,0,11,0,0,0,0,0,1,0,0,0,0,113,0,0,1,1,1,0,2.6667,1
12,0,8,-0.5836,1.3425,4,7,457282,2,0,0,1,0,0,18,0,0,1,0,0,0,0,0,0,0,433,1,1,0,0,0,0,1.0,1
2,1,524,-0.0219,2.0329,11,4,18500000,3,1,0,0,0,0,18,0,0,1,0,0,0,0,0,0,0,733,0,1,1,1,0,0,2.25,1
20,0,28,2.0466,2.0466,2,1,12000000,0,0,0,0,0,1,4,0,0,0,0,0,0,0,0,0,1,546,0,0,1,0,0,0,6.0,1
3,0,466,3.5123,3.9562,5,2,510000000,3,0,0,0,0,1,4,0,0,0,0,0,0,0,0,0,1,668,1,0,0,0,0,0,2.5,1
2,1,194,3.9342,4.6822,3,2,18250000,1,1,0,0,0,0,26,0,0,0,0,0,0,0,0,0,1,70,0,0,1,1,0,0,2.5,1
22,1,95,2.1616,5.6384,13,4,41500019,5,0,1,0,0,0,19,0,0,0,0,0,0,0,0,0,1,778,0,0,0,0,1,0,4.0,1
33,0,424,5.4411,5.4411,1,1,1000000,0,0,0,0,0,1,30,1,0,0,0,0,0,0,0,0,0,686,0,0,1,0,0,0,3.0,0
2,1,340,1.1288,1.1288,7,1,5000000,2,1,0,0,0,0,34,0,1,0,0,0,0,0,0,0,0,423,0,0,1,0,0,0,1.0,1
15,0,133,7.8877,10.6658,2,3,42700000,1,0,0,0,0,1,4,0,0,0,0,0,0,0,0,0,1,395,1,0,0,1,0,0,3.6667,1
31,1,435,2.526,3.1041,5,2,22300000,2,0,0,0,0,1,30,1,0,0,0,0,0,0,0,0,0,421,0,0,0,1,1,0,4.5,1
2,1,6,4.0027,7.8712,5,2,10000000,1,1,0,0,0,0,28,0,0,0,0,0,0,0,0,0,1,103,1,0,0,1,0,0,4.0,1
5,0,426,1.1671,4.6658,1,3,15564591,0,0,0,0,0,1,0,0,0,0,0,1,0,0,0,0,0,222,1,0,0,1,1,0,3.5,1
2,1,458,2.5726,2.5726,7,1,500000,2,1,0,0,0,0,34,0,1,0,0,0,0,0,0,0,0,191,0,1,0,0,0,0,5.0,1
2,1,203,0.1151,1.3397,24,2,8950000,2,1,0,0,0,0,1,0,0,0,0,0,0,0,0,0,1,856,0,0,1,0,0,0,7.0,1
22,1,62,1.7479,4.8192,8,4,55350000,2,0,1,0,0,0,10,0,0,0,0,0,0,0,0,0,1,310,0,0,1,1,1,1,4.0,1
2,0,541,3.7233,3.7233,1,1,4000000,0,1,0,0,0,0,24,0,0,0,0,0,0,0,0,0,1,697,0,0,0,1,0,0,3.0,1
9,1,532,1.6986,6.5151,3,5,10764323,3,0,0,0,0,1,30,1,0,0,0,0,0,0,0,0,0,198,1,0,1,0,0,0,2.0,1
20,0,348,1.4082,1.4082,1,1,5500000,1,0,0,0,0,1,30,1,0,0,0,0,0,0,0,0,0,312,1,0,0,0,0,0,3.0,1
2,1,290,4.2849,4.2849,7,1,400000,2,1,0,0,0,0,29,0,0,0,0,0,0,0,0,0,1,799,0,1,0,0,0,0,3.0,1
2,0,79,0.7507,3.0137,3,3,54000000,0,1,0,0,0,0,4,0,0,0,0,0,0,0,0,0,1,367,1,0,0,0,1,0,2.6667,1
7,0,75,20.8055,20.8055,2,1,32000000,0,0,0,0,0,1,30,1,0,0,0,0,0,0,0,0,0,723,0,0,0,1,0,0,7.0,1
31,1,72,5.789,5.789,1,1,13000000,0,0,0,0,0,1,30,1,0,0,0,0,0,0,0,0,0,726,0,0,0,0,0,1,4.0,1
31,1,197,0.0849,1.2712,5,3,12500000,0,0,0,0,0,1,30,1,0,0,0,0,0,0,0,0,0,715,1,0,1,1,0,0,2.3333,1
2,1,362,2.3507,8.2822,16,4,38064570,2,1,0,0,0,0,27,0,0,0,0,0,0,0,0,0,1,524,1,0,0,1,1,1,3.0,1
2,1,7,-0.4959,1.2548,21,2,6000000,2,1,0,0,0,0,34,0,1,0,0,0,0,0,0,0,0,628,0,1,1,0,0,0,4.0,1
30,0,130,2.4658,4.8329,4,2,5000000,6,0,0,0,0,1,34,0,1,0,0,0,0,0,0,0,0,272,0,0,1,1,0,0,1.0,0
30,1,0,0.0,7.1068,9,3,59000000,3,0,0,0,0,1,30,1,0,0,0,0,0,0,0,0,0,133,1,0,0,0,1,0,2.0,1
9,0,485,1.0356,1.0356,2,1,1000000,2,0,0,0,0,1,34,0,1,0,0,0,0,0,0,0,0,99,0,1,0,0,0,0,1.0,0
2,1,543,2.7233,2.7233,5,1,600000,3,1,0,0,0,0,34,0,1,0,0,0,0,0,0,0,0,890,0,1,0,0,0,0,7.0,1
4,0,113,2.8356,3.1397,0,2,125000000,2,0,0,0,0,1,18,0,0,1,0,0,0,0,0,0,0,253,0,0,1,1,0,0,2.0,1
2,1,112,0.7945,2.9014,11,2,2750000,3,1,0,0,0,0,34,0,1,0,0,0,0,0,0,0,0,151,0,1,1,0,0,0,4.0,1
2,1,163,2.9178,4.7342,1,2,30000000,0,1,0,0,0,0,20,0,0,0,0,0,0,0,0,0,1,218,0,0,1,1,0,0,2.5,1
2,0,52,4.0137,4.0137,0,1,7000000,0,1,0,0,0,0,28,0,0,0,0,0,0,0,0,0,1,592,0,0,0,0,1,0,1.0,0
2,1,350,0.411,0.411,10,1,6100000,2,1,0,0,0,0,26,0,0,0,0,0,0,0,0,0,1,540,0,0,0,1,0,0,4.0,1
2,0,289,0.5315,1.9205,12,3,2100000,2,1,0,0,0,0,8,0,0,0,1,0,0,0,0,0,0,759,1,1,0,0,0,0,4.0,1
2,1,114,0.1452,0.5014,10,2,2565000,3,1,0,0,0,0,18,0,0,1,0,0,0,0,0,0,0,481,0,1,1,0,0,0,3.5,1
2,0,93,10.7589,10.7589,0,1,2000000,0,1,0,0,0,0,3,0,0,0,0,0,0,0,1,0,0,446,0,0,0,0,0,0,1.0,0
18,1,455,2.5671,5.6904,3,3,22400000,1,0,0,0,0,1,20,0,0,0,0,0,0,0,0,0,1,381,1,0,0,1,1,0,3.6667,1
22,1,426,1.0822,1.0822,12,1,6250000,1,0,1,0,0,0,6,0,0,0,0,0,0,1,0,0,0,892,0,0,1,0,0,0,1.0,0
22,1,116,1.7479,1.7479,4,1,575000,2,0,1,0,0,0,34,0,1,0,0,0,0,0,0,0,0,684,0,1,0,0,0,0,6.0,0
12,0,476,0.0,0.5808,1,2,53000,1,0,0,1,0,0,34,0,1,0,0,0,0,0,0,0,0,650,0,1,0,0,0,0,1.0,1
2,1,164,0.9151,2.7753,6,2,9500000,2,1,0,0,0,0,6,0,0,0,0,0,0,1,0,0,0,295,0,0,1,1,0,0,2.5,1
28,0,9,-0.7479,0.8192,7,2,3500000,2,0,0,0,1,0,8,0,0,0,1,0,0,0,0,0,0,478,0,1,1,0,0,0,1.0,1
22,1,434,0.7726,1.4959,14,3,10500000,3,0,1,0,0,0,23,0,0,0,0,0,0,0,0,0,1,720,1,0,1,0,0,0,6.3333,1
2,1,94,0.7562,4.4137,14,4,34250000,2,1,0,0,0,0,4,0,0,0,0,0,0,0,0,0,1,398,1,0,1,1,1,0,2.25,1
12,1,561,0.6795,4.5507,2,5,85381111,0,0,0,1,0,0,3,0,0,0,0,0,0,0,1,0,0,547,0,0,1,1,1,0,4.6667,1
13,1,239,6.1671,7.9205,6,3,100000000,3,0,0,0,0,1,34,0,1,0,0,0,0,0,0,0,0,144,1,0,1,0,0,0,2.5,1
25,0,8,-1.011,1.4877,3,2,125000,2,0,0,0,0,1,0,0,0,0,0,1,0,0,0,0,0,429,1,1,0,0,0,0,1.0,1
30,0,309,2.3178,4.2356,2,2,10600000,1,0,0,0,0,1,18,0,0,1,0,0,0,0,0,0,0,593,1,0,0,1,0,0,3.0,1
2,1,392,2.4192,5.4384,2,3,26100000,1,1,0,0,0,0,28,0,0,0,0,0,0,0,0,0,1,176,1,0,0,1,0,0,3.5,1
22,1,436,7.5315,7.5315,2,1,30000000,1,0,1,0,0,0,34,0,1,0,0,0,0,0,0,0,0,240,1,0,0,0,0,0,5.0,1
9,0,73,1.0575,1.7699,6,3,132885,2,0,0,0,0,1,11,0,0,0,0,0,1,0,0,0,0,869,0,1,0,0,0,0,1.0,1
2,1,363,0.6,4.2247,9,3,9500000,2,1,0,0,0,0,30,1,0,0,0,0,0,0,0,0,0,48,0,0,1,1,1,0,2.0,1
2,1,208,6.1233,6.1233,9,1,18000000,1,1,0,0,0,0,20,0,0,0,0,0,0,0,0,0,1,606,1,0,0,0,0,0,7.0,1
23,0,179,1.8329,1.8329,4,1,690000,1,0,0,0,0,1,34,0,1,0,0,0,0,0,0,0,0,797,0,1,0,0,0,0,3.0,1
7,1,239,5.1644,6.0055,1,3,25131611,0,0,0,0,0,1,18,0,0,1,0,0,0,0,0,0,0,223,1,0,0,1,0,0,1.0,1
2,0,437,3.5288,3.5288,1,1,2000000,0,1,0,0,0,0,12,0,0,0,0,0,0,0,0,0,1,677,0,0,0,0,0,0,1.0,1
12,1,472,1.5836,6.6466,4,3,78750000,2,0,0,1,0,0,3,0,0,0,0,0,0,0,1,0,0,343,0,0,1,1,0,0,3.5,1
2,1,199,0.2521,4.4055,27,5,48500000,3,1,0,0,0,0,0,0,0,0,0,1,0,0,0,0,0,834,1,1,1,1,1,0,2.5,1
2,0,460,0.5726,0.5726,12,1,15000000,2,1,0,0,0,0,20,0,0,0,0,0,0,0,0,0,1,250,0,0,1,0,0,0,3.0,0
2,1,170,0.9397,5.3178,13,5,74000000,0,1,0,0,0,0,1,0,0,0,0,0,0,0,0,0,1,177,1,0,0,1,1,0,5.3333,1
2,1,60,0.7479,2.3315,6,2,15000000,1,1,0,0,0,0,30,1,0,0,0,0,0,0,0,0,0,168,0,0,1,1,0,0,3.0,1
22,0,6,2.0027,3.9178,8,3,45000000,3,0,1,0,0,0,11,0,0,0,0,0,1,0,0,0,0,721,0,0,1,0,0,0,1.0,0
2,1,325,1.9178,1.9178,4,1,4410000,1,1,0,0,0,0,18,0,0,1,0,0,0,0,0,0,0,129,0,0,1,0,0,0,1.0,1
30,1,10,0.0,0.8959,9,2,4500000,2,0,0,0,0,1,34,0,1,0,0,0,0,0,0,0,0,765,0,0,1,1,0,0,2.0,1
2,1,539,1.6712,3.7863,11,3,11040000,2,1,0,0,0,0,30,1,0,0,0,0,0,0,0,0,0,845,0,0,1,1,1,0,2.5,1
2,1,135,1.8822,1.8822,6,1,1600000,2,1,0,0,0,0,11,0,0,0,0,0,1,0,0,0,0,763,0,0,1,0,0,0,3.0,1
22,1,369,3.4164,3.874,3,2,9000000,1,0,1,0,0,0,30,1,0,0,0,0,0,0,0,0,0,498,1,0,0,1,0,0,4.0,1
2,1,450,1.3041,2.6493,4,3,3282327,2,1,0,0,0,0,1,0,0,0,0,0,0,0,0,0,1,852,1,0,0,0,0,0,2.0,1
2,1,239,4.1644,4.1644,5,2,24700000,5,1,0,0,0,0,34,0,1,0,0,0,0,0,0,0,0,260,0,0,1,1,0,0,4.0,1
7,0,531,5.6986,6.8877,2,2,8800000,0,0,0,0,0,1,28,0,0,0,0,0,0,0,0,0,1,389,1,0,1,0,0,0,1.0,1
2,0,157,1.1836,1.1836,1,1,1700000,1,1,0,0,0,0,34,0,1,0,0,0,0,0,0,0,0,72,0,0,1,0,0,0,1.0,0
2,0,512,0.2493,0.2493,1,1,20000,2,1,0,0,0,0,34,0,1,0,0,0,0,0,0,0,0,770,0,1,0,0,0,0,1.0,0
2,1,236,3.1041,4.9205,10,2,11500000,5,1,0,0,0,0,18,0,0,1,0,0,0,0,0,0,0,345,0,0,1,1,0,0,2.5,1
2,0,305,2.3068,9.4247,12,7,98170000,3,1,0,0,0,0,18,0,0,1,0,0,0,0,0,0,0,685,1,0,0,1,1,1,5.2,1
9,1,444,4.7068,4.7068,17,1,940261,2,0,0,0,0,1,30,1,0,0,0,0,0,0,0,0,0,64,0,0,1,0,0,0,1.0,1
12,1,201,1.6658,3.6712,12,2,4000000,3,0,0,1,0,0,34,0,1,0,0,0,0,0,0,0,0,474,0,1,1,0,0,0,3.0,1
2,0,176,1.9562,1.9562,5,1,5000000,1,1,0,0,0,0,34,0,1,0,0,0,0,0,0,0,0,468,0,0,1,0,0,0,1.0,0
30,0,297,0.0027,0.0027,3,1,20000,1,0,0,0,0,1,34,0,1,0,0,0,0,0,0,0,0,314,0,1,0,0,0,0,1.0,0
31,1,17,4.0301,4.0301,5,1,12500000,1,0,0,0,0,1,20,0,0,0,0,0,0,0,0,0,1,419,0,0,0,1,0,0,3.0,1
3,0,355,1.3397,4.6548,0,5,7228704,2,0,0,0,0,1,10,0,0,0,0,0,0,0,0,0,1,572,1,0,1,0,0,0,2.0,1
9,0,342,4.3836,5.9562,5,2,55000000,1,0,0,0,0,1,3,0,0,0,0,0,0,0,1,0,0,645,1,0,0,1,0,0,4.0,1
2,1,36,2.063,6.6137,5,4,15180000,0,1,0,0,0,0,8,0,0,0,1,0,0,0,0,0,0,135,1,0,1,0,1,0,1.0,1
2,0,361,2.3479,3.4301,4,2,30000000,2,1,0,0,0,0,30,1,0,0,0,0,0,0,0,0,0,640,0,0,1,1,0,0,2.5,1
28,1,433,2.5233,2.6685,11,2,14500000,3,0,0,0,1,0,20,0,0,0,0,0,0,0,0,0,1,182,0,0,1,1,0,0,1.5,1
2,1,43,2.0685,2.0685,6,1,6500000,3,1,0,0,0,0,0,0,0,0,0,1,0,0,0,0,0,564,1,0,0,0,0,0,3.0,1
27,0,47,0.0,0.0,2,1,15000,1,0,0,0,0,1,34,0,1,0,0,0,0,0,0,0,0,130,0,1,0,0,0,0,1.0,0
22,1,260,0.7288,3.6055,5,5,4705910,3,0,1,0,0,0,18,0,0,1,0,0,0,0,0,0,0,552,1,1,0,0,0,0,3.0,1
2,1,83,2.8055,2.8055,6,1,3000000,2,1,0,0,0,0,11,0,0,0,0,0,1,0,0,0,0,673,1,0,0,0,0,0,1.0,1
22,1,99,0.7452,4.9178,30,6,125250000,5,0,1,0,0,0,34,0,1,0,0,0,0,0,0,0,0,24,1,0,1,1,1,1,3.5,1
22,0,325,0.3315,4.0027,8,4,1449998,3,0,1,0,0,0,29,0,0,0,0,0,0,0,0,0,1,475,1,1,0,0,0,0,1.0,1
12,1,71,0.6959,1.189,5,2,6000000,3,0,0,1,0,0,18,0,0,1,0,0,0,0,0,0,0,861,0,1,1,0,0,0,6.0,1
16,1,37,2.0603,6.2301,7,3,28200000,0,0,0,0,0,1,16,0,0,0,0,0,0,0,0,0,1,590,1,0,0,1,1,0,3.0,1
2,1,545,3.1479,4.8795,5,2,14000000,1,1,0,0,0,0,30,1,0,0,0,0,0,0,0,0,0,396,1,0,1,0,0,0,2.0,1
28,0,45,1.5808,1.5808,14,1,3000000,2,0,0,0,1,0,8,0,0,0,1,0,0,0,0,0,0,236,0,0,1,0,0,0,1.0,0
31,0,469,1.5151,1.7644,6,2,2238055,1,0,0,0,0,1,8,0,0,0,1,0,0,0,0,0,0,847,1,1,0,0,0,0,1.0,1
2,0,341,0.7123,2.2849,5,2,5200000,2,1,0,0,0,0,23,0,0,0,0,0,0,0,0,0,1,830,1,0,1,0,0,0,1.0,1
25,1,492,3.6329,3.6329,4,1,75000000,4,0,0,0,0,1,6,0,0,0,0,0,0,1,0,0,0,862,1,0,0,0,0,0,1.0,0
12,0,46,0.411,3.9699,13,4,24500000,4,0,0,1,0,0,30,1,0,0,0,0,0,0,0,0,0,844,0,0,1,1,1,0,2.5,1
2,0,144,4.9068,8.1014,3,3,4476171,0,1,0,0,0,0,0,0,0,0,0,1,0,0,0,0,0,174,1,0,1,0,0,0,2.0,1
28,1,227,0.5014,2.4219,21,3,10400001,3,0,0,0,1,0,34,0,1,0,0,0,0,0,0,0,0,28,0,0,1,1,0,0,6.0,1
3,1,277,4.1836,7.1342,8,3,68400000,1,0,0,0,0,1,20,0,0,0,0,0,0,0,0,0,1,220,1,0,0,0,1,1,6.5,1
2,1,192,2.9288,4.6329,13,2,15200000,0,1,0,0,0,0,30,1,0,0,0,0,0,0,0,0,0,443,0,0,1,1,0,0,2.0,1
22,0,488,0.6192,1.5863,2,2,890000,0,0,1,0,0,0,18,0,0,1,0,0,0,0,0,0,0,175,0,1,0,0,0,0,3.0,1
2,0,438,10.5315,10.5315,0,1,2600000,0,1,0,0,0,0,18,0,0,1,0,0,0,0,0,0,0,850,1,0,0,0,0,0,1.0,1
9,1,124,3.8685,3.8685,7,1,1226270,2,0,0,0,0,1,8,0,0,0,1,0,0,0,0,0,0,703,0,1,0,0,0,0,1.0,1
2,1,546,6.737,8.2877,5,2,9000000,1,1,0,0,0,0,34,0,1,0,0,0,0,0,0,0,0,36,0,0,1,1,0,0,1.0,0
2,1,502,4.6521,8.1288,4,4,7210210,1,1,0,0,0,0,8,0,0,0,1,0,0,0,0,0,0,333,1,0,1,1,0,0,1.0,0
2,1,550,0.7397,1.1425,15,2,15700000,1,1,0,0,0,0,2,0,0,0,0,0,0,0,0,0,1,111,0,0,1,0,0,0,3.0,1
12,1,560,5.6849,6.3151,4,2,15050000,1,0,0,1,0,0,30,1,0,0,0,0,0,0,0,0,0,618,1,0,0,0,1,0,2.5,1
2,1,324,0.7479,2.7507,5,2,3500000,2,1,0,0,0,0,11,0,0,0,0,0,1,0,0,0,0,555,0,0,1,1,0,0,3.0,1
2,0,397,6.4767,7.3507,2,2,43000000,1,1,0,0,0,0,30,1,0,0,0,0,0,0,0,0,0,229,0,0,0,0,1,1,1.0,1
2,1,239,1.1616,3.0384,7,2,57000000,2,1,0,0,0,0,34,0,1,0,0,0,0,0,0,0,0,94,0,0,1,1,0,0,3.5,1
2,1,451,0.8932,0.8932,8,1,1300000,4,1,0,0,0,0,34,0,1,0,0,0,0,0,0,0,0,66,0,1,0,0,0,0,4.0,1
2,1,425,1.4986,4.4247,15,4,69750000,4,1,0,0,0,0,11,0,0,0,0,0,1,0,0,0,0,543,0,0,1,1,1,1,5.0,1
12,1,4,3.0,5.0027,16,2,14500000,2,0,0,1,0,0,0,0,0,0,0,1,0,0,0,0,0,366,0,1,0,1,0,0,2.0,1
2,0,50,4.0849,5.5836,2,2,48000000,0,1,0,0,0,0,12,0,0,0,0,0,0,0,0,0,1,141,0,0,0,0,1,1,6.0,1
25,0,167,3.5041,5.4438,3,2,3508462,0,0,0,0,0,1,16,0,0,0,0,0,0,0,0,0,1,497,1,0,1,0,0,0,3.0,1
2,1,417,3.4301,5.5589,10,3,19500000,1,1,0,0,0,0,30,1,0,0,0,0,0,0,0,0,0,537,0,0,1,1,0,0,3.3333,1
9,0,477,0.0,0.0,1,1,45000000,0,0,0,0,0,1,34,0,1,0,0,0,0,0,0,0,0,706,0,0,0,0,0,0,2.0,0
18,0,40,0.8164,5.5616,8,4,32500000,3,0,0,0,0,1,8,0,0,0,1,0,0,0,0,0,0,808,0,0,1,1,1,1,2.75,1
25,1,2,1.8384,8.3397,4,2,4900000,5,0,0,0,0,1,8,0,0,0,1,0,0,0,0,0,0,870,0,1,0,1,0,0,1.5,1
2,0,303,2.2986,3.2110000000000003,4,2,12000000,3,1,0,0,0,0,0,0,0,0,0,1,0,0,0,0,0,147,0,0,0,1,1,0,2.0,1
2,1,198,0.0329,2.2055,12,3,7175000,6,1,0,0,0,0,34,0,1,0,0,0,0,0,0,0,0,289,0,1,1,1,0,0,2.6667,1
2,0,199,1.1699,1.4986,3,2,4700000,4,1,0,0,0,0,34,0,1,0,0,0,0,0,0,0,0,696,0,1,1,0,0,0,1.5,1
2,0,8,0.0,0.0,3,1,120000,0,1,0,0,0,0,24,0,0,0,0,0,0,0,0,0,1,888,0,1,0,0,0,0,2.0,0
2,1,423,5.1041,8.6411,10,3,10000000,2,1,0,0,0,0,0,0,0,0,0,1,0,0,0,0,0,428,1,0,0,1,0,0,1.6667,0
28,0,381,4.9562,10.3151,0,4,39000000,0,0,0,0,1,0,28,0,0,0,0,0,0,0,0,0,1,496,1,0,1,0,0,0,3.0,0
12,1,267,2.2411,4.0301,3,2,16100000,0,0,0,1,0,0,30,1,0,0,0,0,0,0,0,0,0,584,0,0,0,1,1,0,2.5,1
2,1,284,1.2466,2.0849,4,2,3300000,3,1,0,0,0,0,0,0,0,0,0,1,0,0,0,0,0,233,0,1,1,0,0,0,2.0,1
7,0,119,2.4493,2.4493,0,2,1000000,0,0,0,0,0,1,30,1,0,0,0,0,0,0,0,0,0,75,1,1,0,0,0,0,2.0,0
22,0,311,11.3342,11.3342,3,1,7410000,0,0,1,0,0,0,3,0,0,0,0,0,0,0,1,0,0,594,1,0,0,0,0,0,3.0,1
2,1,138,6.8932,10.4082,5,3,52800000,0,1,0,0,0,0,28,0,0,0,0,0,0,0,0,0,1,510,1,0,0,0,1,0,5.3333,1
2,0,519,4.6685,9.1178,33,3,37000000,4,1,0,0,0,0,30,1,0,0,0,0,0,0,0,0,0,455,0,0,1,1,1,0,1.3333,1
2,1,30,1.137,3.737,14,3,14229998,3,1,0,0,0,0,34,0,1,0,0,0,0,0,0,0,0,6,0,0,1,1,0,0,3.0,1
2,1,543,0.7205,2.4356,7,2,3000000,2,1,0,0,0,0,17,0,0,0,0,0,0,0,0,0,1,463,0,0,1,1,0,0,2.5,1
22,1,22,4.0384,4.0384,10,1,20000000,1,0,1,0,0,0,0,0,0,0,0,1,0,0,0,0,0,286,0,0,1,0,0,0,1.0,0
26,1,476,0.7479,2.0959,6,2,2000000,3,0,0,0,0,1,0,0,0,0,0,1,0,0,0,0,0,424,0,1,0,0,0,0,1.5,1
5,1,87,3.8192,6.0932,3,2,19900000,2,0,0,0,0,1,30,1,0,0,0,0,0,0,0,0,0,355,1,0,0,1,0,0,2.0,1
2,0,165,1.2493,1.2493,6,1,1500000,1,1,0,0,0,0,6,0,0,0,0,0,0,1,0,0,0,384,0,0,0,0,0,0,1.0,0
2,0,429,0.0,0.0,4,1,325000,1,1,0,0,0,0,4,0,0,0,0,0,0,0,0,0,1,824,0,1,0,0,0,0,4.0,0
2,0,215,0.463,0.463,16,1,3500000,2,1,0,0,0,0,8,0,0,0,1,0,0,0,0,0,0,790,0,0,1,0,0,0,5.0,1
31,0,6,2.0027,4.3863,7,4,30000000,2,0,0,0,0,1,20,0,0,0,0,0,0,0,0,0,1,45,0,1,1,1,0,0,2.0,1
2,1,266,4.2384,4.2384,1,1,50000000,0,1,0,0,0,0,3,0,0,0,0,0,0,0,1,0,0,436,0,0,0,0,0,1,6.0,1
22,1,395,1.4712,1.4712,5,1,2000000,2,0,1,0,0,0,6,0,0,0,0,0,0,1,0,0,0,342,0,0,1,0,0,0,3.0,1
2,1,111,1.5041,5.8356,25,6,72000000,2,1,0,0,0,0,0,0,0,0,0,1,0,0,0,0,0,246,1,0,1,1,1,1,2.3333,1
2,1,562,1.6849,5.8493,4,3,27690547,1,1,0,0,0,0,4,0,0,0,0,0,0,0,0,0,1,377,0,0,0,1,1,1,4.5,1
28,0,365,2.189,2.189,32,1,9000000,0,0,0,0,1,0,28,0,0,0,0,0,0,0,0,0,1,646,0,0,0,1,0,0,4.0,1
2,1,113,0.4192,1.4658,12,2,7500000,3,1,0,0,0,0,8,0,0,0,1,0,0,0,0,0,0,244,0,0,1,0,0,0,3.5,1
28,1,528,0.6932,1.4986,9,2,10000000,1,0,0,0,1,0,30,1,0,0,0,0,0,0,0,0,0,284,0,0,1,0,0,0,2.0,1
2,1,378,1.4411,6.6795,7,4,5965000,1,1,0,0,0,0,30,1,0,0,0,0,0,0,0,0,0,339,1,0,1,0,0,0,1.0,0
2,1,6,-0.2466,-0.2466,9,1,4000000,4,1,0,0,0,0,18,0,0,1,0,0,0,0,0,0,0,807,0,0,1,0,0,0,1.0,0
15,0,220,5.1397,5.1397,2,1,5000000,1,0,0,0,0,1,0,0,0,0,0,1,0,0,0,0,0,206,1,0,0,0,0,0,1.0,0
2,1,197,1.0877,1.0877,15,1,11500000,2,1,0,0,0,0,0,0,0,0,0,1,0,0,0,0,0,647,0,0,1,0,0,0,2.0,1
9,0,23,1.0356,2.1479,2,2,1050000,1,0,0,0,0,1,34,0,1,0,0,0,0,0,0,0,0,550,1,0,0,0,0,0,1.0,0
22,1,241,1.1644,1.3507,13,2,5500000,2,0,1,0,0,0,34,0,1,0,0,0,0,0,0,0,0,410,0,0,1,0,0,0,2.0,1
25,1,165,0.8301,2.8329,17,3,5000000,4,0,0,0,0,1,0,0,0,0,0,1,0,0,0,0,0,243,0,1,1,0,0,0,1.6667,1
2,0,173,-1.0521,0.6247,11,2,3700000,3,1,0,0,0,0,8,0,0,0,1,0,0,0,0,0,0,413,1,0,0,0,0,0,3.0,0
2,0,254,1.2137,3.0082,4,2,7000000,0,1,0,0,0,0,30,1,0,0,0,0,0,0,0,0,0,212,0,0,1,0,0,0,2.0,0
12,0,283,1.2466,2.1616,14,2,32000000,4,0,0,1,0,0,20,0,0,0,0,0,0,0,0,0,1,857,0,0,1,1,0,0,3.5,1
12,1,538,0.7123,4.2301,8,3,7900000,2,0,0,1,0,0,0,0,0,0,0,1,0,0,0,0,0,757,0,0,1,0,0,0,2.0,0
2,1,164,0.6685,6.2795,16,5,80000000,3,1,0,0,0,0,20,0,0,0,0,0,0,0,0,0,1,203,0,1,1,1,1,1,2.25,1
28,0,89,4.8247,4.8247,1,1,5000000,1,0,0,0,1,0,18,0,0,1,0,0,0,0,0,0,0,538,1,0,0,0,0,0,1.0,1
31,1,7,1.0,3.1863,5,2,2100000,3,0,0,0,0,1,27,0,0,0,0,0,0,0,0,0,1,74,0,1,1,0,0,0,1.5,1
13,1,210,0.2055,4.3973,6,4,22250000,1,0,0,0,0,1,8,0,0,0,1,0,0,0,0,0,0,769,0,0,1,1,1,1,2.5,1
24,1,534,0.5397,1.5014,6,2,1975000,2,0,0,0,0,1,8,0,0,0,1,0,0,0,0,0,0,22,1,1,0,0,0,0,3.0,0
22,1,8,0.0,0.0,0,1,1000000,2,0,1,0,0,0,34,0,1,0,0,0,0,0,0,0,0,349,0,1,0,0,0,0,1.0,1
25,0,359,2.3452,2.3452,0,1,35000000,0,0,0,0,0,1,4,0,0,0,0,0,0,0,0,0,1,639,0,0,0,0,1,0,1.0,0
22,1,60,0.0822,4.3260000000000005,12,7,88651133,5,0,1,0,0,0,18,0,0,1,0,0,0,0,0,0,0,598,1,1,1,1,1,1,3.1667,1
12,1,513,5.5945,5.5945,3,1,26000000,0,0,0,1,0,0,28,0,0,0,0,0,0,0,0,0,1,420,1,0,0,0,0,0,2.0,1
2,0,11,0.6712,0.6712,3,1,100000,2,1,0,0,0,0,11,0,0,0,0,0,1,0,0,0,0,855,0,1,0,0,0,0,1.0,0
3,1,370,1.0,1.0,6,1,5000000,3,0,0,0,0,1,18,0,0,1,0,0,0,0,0,0,0,275,0,0,1,0,0,0,1.0,1
7,0,98,6.8356,8.3096,5,2,7300000,0,0,0,0,0,1,3,0,0,0,0,0,0,0,1,0,0,328,1,0,1,0,0,0,3.0,1
2,1,5,2.0027,6.2274,8,3,64080000,2,1,0,0,0,0,3,0,0,0,0,0,0,0,1,0,0,276,0,0,1,1,1,0,4.0,1
26,1,151,1.3425,1.726,8,2,5800000,2,0,0,0,0,1,8,0,0,0,1,0,0,0,0,0,0,794,0,1,1,0,0,0,4.0,1
2,0,8,4.0027,5.7534,6,4,89500000,2,1,0,0,0,0,10,0,0,0,0,0,0,0,0,0,1,311,0,0,0,1,1,0,1.0,1
2,1,427,0.5808,5.2521,11,4,23350000,2,1,0,0,0,0,11,0,0,0,0,0,1,0,0,0,0,516,0,1,1,1,0,0,3.0,1
12,1,422,3.6877,5.9644,7,2,13500000,0,0,0,1,0,0,30,1,0,0,0,0,0,0,0,0,0,817,1,0,0,0,1,0,2.5,1
12,1,363,7.3534,8.126,13,2,24500000,2,0,0,1,0,0,27,0,0,0,0,0,0,0,0,0,1,149,0,0,0,0,0,0,5.5,1
2,0,515,3.6027,3.6027,2,1,10000000,1,1,0,0,0,0,24,0,0,0,0,0,0,0,0,0,1,693,0,0,0,0,1,0,4.0,1
29,0,54,-1.9863,-1.9863,3,1,8500000,0,0,0,0,0,1,22,0,0,0,0,0,0,0,0,0,1,694,1,0,0,0,0,0,1.0,0
28,0,348,16.4192,16.4192,0,1,6000000,0,0,0,0,1,0,4,0,0,0,0,0,0,0,0,0,1,324,0,0,0,1,0,0,3.0,0
2,1,114,1.337,1.337,3,1,2000000,1,1,0,0,0,0,30,1,0,0,0,0,0,0,0,0,0,551,0,0,1,0,0,0,2.0,1
28,1,438,1.1123,1.937,3,2,4100000,2,0,0,0,1,0,8,0,0,0,1,0,0,0,0,0,0,823,0,0,1,0,0,0,1.5,1
2,1,5,0.3699,0.3699,5,1,6200000,4,1,0,0,0,0,26,0,0,0,0,0,0,0,0,0,1,263,0,0,1,0,0,0,2.0,1
2,1,199,4.0877,5.5753,8,2,12250000,1,1,0,0,0,0,0,0,0,0,0,1,0,0,0,0,0,426,0,0,0,1,1,0,2.5,1
2,1,557,3.3945,5.0712,3,2,11725600,2,1,0,0,0,0,18,0,0,1,0,0,0,0,0,0,0,306,0,0,1,1,0,0,2.0,1
12,0,308,4.3151,5.8301,1,2,16000000,0,0,0,1,0,0,30,1,0,0,0,0,0,0,0,0,0,620,0,0,1,1,0,0,3.0,1
31,1,51,2.4767,4.3836,10,3,5056559,2,0,0,0,0,1,18,0,0,1,0,0,0,0,0,0,0,504,1,0,1,0,0,0,1.6667,1
2,1,369,0.4137,0.4137,9,1,100000,3,1,0,0,0,0,34,0,1,0,0,0,0,0,0,0,0,430,0,1,0,0,0,0,1.0,1
2,1,4,2.3342,6.9671,11,3,68200000,3,1,0,0,0,0,12,0,0,0,0,0,0,0,0,0,1,541,1,1,0,0,0,0,4.0,1
2,1,197,4.0877,9.3068,5,3,33000000,1,1,0,0,0,0,8,0,0,0,1,0,0,0,0,0,0,190,1,0,0,1,0,1,3.6667,1
22,1,459,1.4082,1.9068,5,2,2212000,2,0,1,0,0,0,1,0,0,0,0,0,0,0,0,0,1,779,0,1,1,0,0,0,3.0,1
2,1,141,5.9014,7.2904,1,4,19800000,0,1,0,0,0,0,3,0,0,0,0,0,0,0,1,0,0,494,1,0,0,0,0,1,5.0,1
2,0,168,0.8301,1.0986,6,2,4500000,2,1,0,0,0,0,34,0,1,0,0,0,0,0,0,0,0,637,0,1,1,0,0,0,3.0,1
12,1,8,4.0027,4.0055,2,2,14000000,1,0,0,1,0,0,30,1,0,0,0,0,0,0,0,0,0,208,1,0,0,1,0,0,1.5,1
6,0,169,0.0548,0.0548,4,1,100000,2,0,0,0,0,1,29,0,0,0,0,0,0,0,0,0,1,97,0,1,0,0,0,0,1.0,0
2,1,330,2.3562,3.4274,4,2,9900000,2,1,0,0,0,0,30,1,0,0,0,0,0,0,0,0,0,787,0,0,1,1,0,0,2.0,1
2,1,8,0.0,5.063,10,3,7600000,2,1,0,0,0,0,0,0,0,0,0,1,0,0,0,0,0,476,0,0,1,1,0,0,5.0,1
2,0,428,0.0,0.0,2,1,50000,1,1,0,0,0,0,11,0,0,0,0,0,1,0,0,0,0,194,0,1,0,0,0,0,2.0,0
2,0,7,-0.0849,-0.0849,3,1,650000,0,1,0,0,0,0,24,0,0,0,0,0,0,0,0,0,1,73,0,1,0,0,0,0,1.0,0
2,0,166,0.9178,2.7288,8,3,10500000,3,1,0,0,0,0,18,0,0,1,0,0,0,0,0,0,0,19,1,0,1,1,0,0,2.0,1
2,1,396,0.4712,0.4712,12,1,500000,2,1,0,0,0,0,34,0,1,0,0,0,0,0,0,0,0,792,0,1,0,0,0,0,1.0,0
2,1,193,1.9342,4.0438,2,2,24300000,3,1,0,0,0,0,34,0,1,0,0,0,0,0,0,0,0,7,0,0,0,1,1,0,2.5,1
2,0,403,7.4904,7.874,6,2,18000000,1,1,0,0,0,0,12,0,0,0,0,0,0,0,0,0,1,462,1,0,0,1,0,0,4.0,1
2,1,186,0.6548,3.5452,27,3,26000000,5,1,0,0,0,0,17,0,0,0,0,0,0,0,0,0,1,589,0,0,1,1,1,0,3.6667,1
2,0,284,2.2466,5.0356,2,2,9500000,0,1,0,0,0,0,12,0,0,0,0,0,0,0,0,0,1,140,1,0,0,1,0,0,3.0,1
13,1,307,7.3151,7.3151,6,1,16980999,1,0,0,0,0,1,3,0,0,0,0,0,0,0,1,0,0,269,0,0,0,1,0,0,1.0,1
2,0,5,1.0027,1.0027,2,1,5000000,2,1,0,0,0,0,11,0,0,0,0,0,1,0,0,0,0,388,0,0,1,0,0,0,3.0,0
31,0,166,1.6712,1.6712,3,1,350000,0,0,0,0,0,1,12,0,0,0,0,0,0,0,0,0,1,266,1,0,0,0,0,0,1.0,0
12,0,268,1.2384,4.9726,1,5,13130000,1,0,0,1,0,0,34,0,1,0,0,0,0,0,0,0,0,851,1,0,1,0,0,0,2.0,1
31,0,90,2.8247,2.8247,1,1,20000000,2,0,0,0,0,1,30,1,0,0,0,0,0,0,0,0,0,748,0,0,1,0,0,0,1.0,0
12,1,164,0.5014,3.2959,18,3,26500000,4,0,0,1,0,0,18,0,0,1,0,0,0,0,0,0,0,672,1,0,1,1,0,0,2.0,1
12,1,530,3.6986,4.1041,4,2,15000000,0,0,0,1,0,0,8,0,0,0,1,0,0,0,0,0,0,255,0,0,0,1,0,0,5.0,1
13,0,304,4.3041,4.3041,0,1,2600000,0,0,0,0,0,1,24,0,0,0,0,0,0,0,0,0,1,651,0,0,1,0,0,0,1.0,0
2,0,345,2.3973,6.0329,1,4,21470000,0,1,0,0,0,0,4,0,0,0,0,0,0,0,0,0,1,437,0,0,1,1,0,0,3.5,1
28,0,327,0.0,0.0,5,1,20000,2,0,0,0,1,0,18,0,0,1,0,0,0,0,0,0,0,680,0,1,0,0,0,0,1.0,0
2,0,164,1.9151,2.5808,10,2,3600000,3,1,0,0,0,0,34,0,1,0,0,0,0,0,0,0,0,62,0,1,1,0,0,0,1.0,0
22,1,239,0.8329,7.2521,23,7,27300000,4,0,1,0,0,0,11,0,0,0,0,0,1,0,0,0,0,323,0,1,1,1,1,1,2.0,1
2,1,495,0.5863,0.5863,8,1,2600000,1,1,0,0,0,0,6,0,0,0,0,0,0,1,0,0,0,181,0,0,1,0,0,0,2.0,0
2,0,83,0.8027,0.8027,5,1,5000000,2,1,0,0,0,0,34,0,1,0,0,0,0,0,0,0,0,740,0,0,1,0,0,0,1.0,1
2,1,94,4.7589,6.2247,2,2,17000000,2,1,0,0,0,0,18,0,0,1,0,0,0,0,0,0,0,40,0,0,1,1,0,0,3.5,1
14,0,335,4.3699,4.3699,0,1,662000,0,0,0,0,0,1,15,0,0,0,0,0,0,0,0,0,1,138,0,0,1,0,0,0,3.0,0
22,1,10,0.0,1.0247,12,2,3750000,2,0,1,0,0,0,14,0,0,0,0,0,0,0,0,0,1,729,0,1,1,0,0,0,4.0,1
2,1,60,0.9726,6.7534,57,4,45000000,8,1,0,0,0,0,21,0,0,0,0,0,0,0,0,0,1,542,0,0,1,1,1,1,4.6667,1
2,1,273,0.1753,3.8795,12,3,20750000,2,1,0,0,0,0,12,0,0,0,0,0,0,0,0,0,1,309,1,0,1,1,0,0,2.3333,1
2,1,240,1.1616,7.5041,5,4,19000000,0,1,0,0,0,0,11,0,0,0,0,0,1,0,0,0,0,612,0,0,1,1,1,0,2.0,1
2,1,323,-0.4192,0.6658,20,3,22500000,0,1,0,0,0,0,26,0,0,0,0,0,0,0,0,0,1,411,1,0,1,0,0,0,4.0,1
2,1,110,0.5041,3.0986,10,3,7300000,3,1,0,0,0,0,0,0,0,0,0,1,0,0,0,0,0,391,0,1,1,1,0,0,2.0,1
31,0,163,0.7479,7.8247,16,7,26390819,3,0,0,0,0,1,34,0,1,0,0,0,0,0,0,0,0,771,1,0,1,1,0,0,1.3333,1
31,1,312,4.4959,4.4959,4,1,10000000,0,0,0,0,0,1,30,1,0,0,0,0,0,0,0,0,0,881,0,0,0,0,1,0,3.0,1
22,0,80,0.0849,0.0849,1,1,31000,1,0,1,0,0,0,34,0,1,0,0,0,0,0,0,0,0,773,0,1,0,0,0,0,2.0,0
2,1,427,1.7479,2.7288,16,3,21500000,4,1,0,0,0,0,18,0,0,1,0,0,0,0,0,0,0,338,0,0,1,1,0,0,3.3333,1
3,1,158,4.8521,4.8521,5,1,4000000,1,0,0,0,0,1,27,0,0,0,0,0,0,0,0,0,1,54,0,0,0,0,0,0,5.0,1
2,1,7,0.5041,3.7068,5,3,9400000,4,1,0,0,0,0,11,0,0,0,0,0,1,0,0,0,0,872,1,0,1,1,0,0,4.0,1
22,1,324,0.0411,2.1288,9,3,5600000,4,0,1,0,0,0,34,0,1,0,0,0,0,0,0,0,0,195,0,0,1,1,0,0,2.0,1
2,1,475,2.0027,3.0466,9,2,6000000,2,1,0,0,0,0,10,0,0,0,0,0,0,0,0,0,1,741,0,0,1,1,0,0,2.5,1
7,1,180,2.137,10.1288,35,4,60704370,3,0,0,0,0,1,32,0,0,0,0,0,0,0,0,0,1,320,1,0,0,1,0,1,2.0,1
2,1,10,0.7534,3.0712,16,3,2000000,2,1,0,0,0,0,31,0,0,0,0,0,0,0,0,0,1,579,0,1,0,0,0,0,3.6667,1
2,1,293,0.4548,0.7041,5,2,1000000,3,1,0,0,0,0,10,0,0,0,0,0,0,0,0,0,1,277,1,0,1,0,0,0,5.5,1
25,0,166,1.126,1.4055,3,2,200000,2,0,0,0,0,1,11,0,0,0,0,0,1,0,0,0,0,268,0,1,1,0,0,0,2.0,1
2,0,122,1.8658,1.8658,2,1,2300000,2,1,0,0,0,0,4,0,0,0,0,0,0,0,0,0,1,78,0,0,1,0,0,0,2.0,1
2,0,255,2.2164,2.2164,5,1,1000000,4,1,0,0,0,0,18,0,0,1,0,0,0,0,0,0,0,442,0,0,1,0,0,0,1.0,1
2,1,518,0.8356,5.7534,13,5,24750000,3,1,0,0,0,0,19,0,0,0,0,0,0,0,0,0,1,809,1,1,1,1,0,0,2.4,1
9,0,188,2.5534,6.3945,15,2,12800000,1,0,0,0,0,1,30,1,0,0,0,0,0,0,0,0,0,87,0,0,1,1,0,0,2.0,1
2,1,265,4.2384,6.5753,10,2,30500000,1,1,0,0,0,0,8,0,0,0,1,0,0,0,0,0,0,327,0,0,0,0,0,1,4.5,1
2,0,454,5.5671,8.5342,3,3,36300000,2,1,0,0,0,0,2,0,0,0,0,0,0,0,0,0,1,739,1,0,0,0,1,0,1.5,1
2,1,271,2.1726,3.0849,7,3,6693782,3,1,0,0,0,0,25,0,0,0,0,0,0,0,0,0,1,580,1,0,0,0,0,0,1.6667,1
2,0,415,11.4329,11.4329,1,1,20000000,0,1,0,0,0,0,12,0,0,0,0,0,0,0,0,0,1,562,0,0,0,0,1,0,5.0,1
2,1,398,3.4767,3.4767,8,1,11370000,3,1,0,0,0,0,20,0,0,0,0,0,0,0,0,0,1,704,0,0,1,0,0,0,2.0,1
2,1,7,0.5863,2.6384,13,3,16500000,4,1,0,0,0,0,34,0,1,0,0,0,0,0,0,0,0,873,0,0,1,1,1,0,1.3333,1
2,0,522,0.0,0.0,3,1,250000,1,1,0,0,0,0,20,0,0,0,0,0,0,0,0,0,1,122,0,1,0,0,0,0,3.0,0
22,1,199,0.5041,3.3562,9,5,14400000,5,0,1,0,0,0,34,0,1,0,0,0,0,0,0,0,0,464,0,1,1,1,0,0,5.8,1
22,1,521,0.0,3.9562,24,5,90000000,3,0,1,0,0,0,8,0,0,0,1,0,0,0,0,0,0,886,1,0,1,1,1,1,3.8,1
2,1,218,1.0164,7.1534,10,4,13075000,2,1,0,0,0,0,0,0,0,0,0,1,0,0,0,0,0,404,0,0,1,1,0,0,4.0,1
2,1,164,-0.4986,-0.4137,10,2,26000000,4,1,0,0,0,0,11,0,0,0,0,0,1,0,0,0,0,868,0,0,1,0,1,0,2.5,1
12,1,229,3.1616,3.6904,6,2,16300000,2,0,0,1,0,0,8,0,0,0,1,0,0,0,0,0,0,796,0,0,0,1,0,0,2.0,1
28,1,383,4.4521,7.2274,5,2,5992316,1,0,0,0,1,0,8,0,0,0,1,0,0,0,0,0,0,602,1,0,1,0,0,0,2.0,0
2,1,34,3.0575,5.011,2,4,89400001,0,1,0,0,0,0,3,0,0,0,0,0,0,0,1,0,0,548,1,0,1,1,0,0,4.3333,1
2,0,225,0.8027,0.8027,4,1,1200000,1,1,0,0,0,0,30,1,0,0,0,0,0,0,0,0,0,249,0,0,1,0,0,0,1.0,0
22,0,279,1.1836,1.3781,7,2,1900000,2,0,1,0,0,0,34,0,1,0,0,0,0,0,0,0,0,586,0,1,1,0,0,0,2.5,1
2,0,360,9.3534,12.4055,9,3,30300000,2,1,0,0,0,0,11,0,0,0,0,0,1,0,0,0,0,319,1,0,0,0,0,1,4.5,1
22,0,509,2.0027,2.0027,4,1,500000,0,0,1,0,0,0,34,0,1,0,0,0,0,0,0,0,0,390,0,1,0,0,0,0,5.0,0
2,1,473,0.0,6.9671,19,5,74000000,2,1,0,0,0,0,20,0,0,0,0,0,0,0,0,0,1,139,0,1,1,1,1,1,1.75,1
28,1,207,7.1205,7.1205,3,1,18800000,0,0,0,0,1,0,28,0,0,0,0,0,0,0,0,0,1,371,0,0,0,0,1,0,7.0,1
15,0,326,0.3288,0.3288,3,1,20000,1,0,0,0,0,1,34,0,1,0,0,0,0,0,0,0,0,365,0,1,0,0,0,0,1.0,0
30,1,242,0.1616,2.1781,3,4,3350000,2,0,0,0,0,1,18,0,0,1,0,0,0,0,0,0,0,450,0,1,1,1,0,0,1.5,0
20,1,57,5.0192,5.0192,1,1,26100000,0,0,0,0,0,1,3,0,0,0,0,0,0,0,1,0,0,532,1,0,0,0,0,0,2.0,1
25,0,351,1.411,2.5151,0,2,1213066,0,0,0,0,0,1,8,0,0,0,1,0,0,0,0,0,0,676,1,0,0,0,0,0,1.0,1
2,1,154,0.8438,4.2219,18,3,24030000,3,1,0,0,0,0,0,0,0,0,0,1,0,0,0,0,0,871,0,0,1,1,0,0,3.6667,1
2,1,284,0.4986,3.4247,14,3,13100000,5,1,0,0,0,0,33,0,0,0,0,0,0,0,0,0,1,832,0,1,0,1,1,0,1.6667,1
22,1,325,0.0822,1.7671,6,3,560001,5,0,1,0,0,0,30,1,0,0,0,0,0,0,0,0,0,745,1,1,0,0,0,0,3.5,1
16,1,159,2.8493,2.8493,7,1,3500000,3,0,0,0,0,1,8,0,0,0,1,0,0,0,0,0,0,439,0,0,1,0,0,0,2.0,1
12,1,238,0.1616,7.5041,45,7,121500000,3,0,0,1,0,0,18,0,0,1,0,0,0,0,0,0,0,0,1,0,1,1,1,1,4.5,1
2,1,185,0.9726,3.8438,18,4,42500000,1,1,0,0,0,0,18,0,0,1,0,0,0,0,0,0,0,90,1,0,1,1,1,0,2.5,1
18,1,421,5.4384,6.4192,26,2,36000000,1,0,0,0,0,1,30,1,0,0,0,0,0,0,0,0,0,519,1,0,0,0,0,1,3.5,1
2,0,274,2.5973,2.5973,7,1,12170000,2,1,0,0,0,0,8,0,0,0,1,0,0,0,0,0,0,184,0,0,0,0,1,0,3.0,1
22,1,79,5.7534,5.7534,4,1,1000000,2,0,1,0,0,0,30,1,0,0,0,0,0,0,0,0,0,634,0,0,1,0,0,0,3.0,1
2,1,116,3.337,3.937,5,3,1820000,4,1,0,0,0,0,18,0,0,1,0,0,0,0,0,0,0,239,0,1,0,0,0,0,1.0,0
31,1,358,4.6,9.4164,19,4,5700000000,2,0,0,0,0,1,18,0,0,1,0,0,0,0,0,0,0,71,0,0,0,0,0,0,4.25,1
28,1,181,6.9699,6.9699,6,1,5000000,2,0,0,0,1,0,27,0,0,0,0,0,0,0,0,0,1,604,0,0,0,0,1,0,5.0,1
22,1,150,0.8384,1.4055,4,2,18800000,1,0,1,0,0,0,9,0,0,0,0,0,0,0,0,0,1,705,0,0,1,1,0,0,2.5,1
2,1,357,2.3452,3.3534,3,2,72300000,0,1,0,0,0,0,0,0,0,0,0,1,0,0,0,0,0,441,0,0,0,1,1,0,4.5,1
2,1,25,-0.1369999999999999,3.1452,3,3,1310000,4,1,0,0,0,0,29,0,0,0,0,0,0,0,0,0,1,667,0,1,0,0,0,0,1.0,0
12,0,369,2.4164,4.7753,2,2,15000000,1,0,0,1,0,0,30,1,0,0,0,0,0,0,0,0,0,575,0,0,1,1,0,0,2.5,1
22,1,370,2.2521,4.7397,22,3,39007789,5,0,1,0,0,0,8,0,0,0,1,0,0,0,0,0,0,65,0,0,1,1,1,0,3.0,1
12,1,42,2.0685,2.0685,3,1,25000000,1,0,0,1,0,0,30,1,0,0,0,0,0,0,0,0,0,641,0,0,0,0,0,1,5.0,1
12,1,326,0.3288,2.0932,4,3,172500,2,0,0,1,0,0,34,0,1,0,0,0,0,0,0,0,0,744,0,1,0,0,0,0,1.0,0
22,1,117,1.6658,2.1123,23,2,6100000,2,0,1,0,0,0,29,0,0,0,0,0,0,0,0,0,1,332,0,0,1,1,0,0,1.0,1
2,1,257,2.2192,7.9315,7,3,40300000,5,1,0,0,0,0,18,0,0,1,0,0,0,0,0,0,0,102,1,0,0,1,1,0,4.0,1
2,0,343,0.3616,0.3616,9,1,100000,3,1,0,0,0,0,6,0,0,0,0,0,0,1,0,0,0,781,0,1,0,0,0,0,1.0,0
31,1,8,0.3342,5.4904,14,5,19389998,2,0,0,0,0,1,7,0,0,0,0,0,0,0,0,0,1,224,1,0,1,1,1,0,1.5,1
2,1,400,2.4822,4.8192,21,2,61500000,3,1,0,0,0,0,12,0,0,0,0,0,0,0,0,0,1,746,0,0,0,1,0,1,4.0,1
2,1,376,3.4411,3.4411,6,1,6000000,2,1,0,0,0,0,30,1,0,0,0,0,0,0,0,0,0,607,0,0,1,0,0,0,2.0,1
12,1,189,-0.0027,5.0055,23,4,19100000,6,0,0,1,0,0,18,0,0,1,0,0,0,0,0,0,0,301,0,0,1,1,1,0,2.5,1
22,1,55,0.2219,2.0548,8,4,3499997,3,0,1,0,0,0,0,0,0,0,0,1,0,0,0,0,0,178,1,0,1,0,0,0,1.5,1
2,1,371,1.2521,1.874,13,3,2600000,2,1,0,0,0,0,20,0,0,0,0,0,0,0,0,0,1,889,0,1,1,0,0,0,3.6667,1
2,1,429,-0.4466,1.1479,14,3,2023000,2,1,0,0,0,0,34,0,1,0,0,0,0,0,0,0,0,674,0,1,1,0,0,0,1.3333,1
2,1,235,5.1068,5.1068,3,1,25000000,0,1,0,0,0,0,28,0,0,0,0,0,0,0,0,0,1,351,1,0,0,0,0,0,4.0,1
2,1,134,0.7205,3.5945,17,4,66000000,4,1,0,0,0,0,9,0,0,0,0,0,0,0,0,0,1,490,1,0,1,1,1,0,2.3333,1
22,1,203,1.4192,1.4466,5,2,1000000,1,0,1,0,0,0,0,0,0,0,0,1,0,0,0,0,0,110,0,1,0,0,0,0,3.5,0
2,1,328,1.3288,2.063,11,2,13000000,2,1,0,0,0,0,18,0,0,1,0,0,0,0,0,0,0,816,0,0,1,1,0,0,3.0,1
12,0,565,7.6932,14.0329,3,3,24150000,2,0,0,1,0,0,30,1,0,0,0,0,0,0,0,0,0,624,1,0,1,1,0,0,2.3333,1
2,0,136,5.8411,8.2219,4,3,47218498,0,1,0,0,0,0,28,0,0,0,0,0,0,0,0,0,1,863,1,0,0,0,1,1,3.3333,1
12,1,483,3.6137,4.3753,1,2,11800000,2,0,0,1,0,0,26,0,0,0,0,0,0,0,0,0,1,47,0,0,0,0,1,1,4.5,1
21,0,318,1.5973,2.1781,2,2,2387481,1,0,0,0,0,1,1,0,0,0,0,0,0,0,0,0,1,615,1,0,0,0,0,0,1.0,1
12,1,108,0.8356,7.5863,35,4,33000000,5,0,0,1,0,0,5,0,0,0,0,0,0,0,0,1,0,63,1,0,1,1,1,0,2.5,1
30,1,554,2.6712,3.8822,4,2,7500000,3,0,0,0,0,1,30,1,0,0,0,0,0,0,0,0,0,80,0,0,1,1,0,0,1.5,1
2,1,552,6.7479,6.7479,3,1,25000000,1,1,0,0,0,0,3,0,0,0,0,0,0,0,1,0,0,445,0,0,0,0,1,0,1.0,1
2,1,536,3.7096,8.9562,7,4,25305000,1,1,0,0,0,0,30,1,0,0,0,0,0,0,0,0,0,447,1,0,1,1,1,0,2.0,1
2,1,191,2.2712,6.3781,8,6,53816776,0,1,0,0,0,0,30,1,0,0,0,0,0,0,0,0,0,17,1,0,0,1,1,1,5.0,1
22,1,282,-0.1671,0.9151,15,2,3500000,4,0,1,0,0,0,34,0,1,0,0,0,0,0,0,0,0,16,0,0,1,1,0,0,5.5,1
2,1,310,5.0767,5.0767,7,1,5000000,2,1,0,0,0,0,8,0,0,0,1,0,0,0,0,0,0,750,0,0,1,0,0,0,1.0,0
2,1,371,0.0,2.5397,9,3,2515000,3,1,0,0,0,0,20,0,0,0,0,0,0,0,0,0,1,722,1,1,1,0,0,0,1.6667,1
12,1,199,1.0849,2.4986,10,2,8400000,3,0,0,1,0,0,34,0,1,0,0,0,0,0,0,0,0,469,0,0,1,1,0,0,2.0,1
2,0,473,2.5836,4.0027,5,2,4900000,3,1,0,0,0,0,18,0,0,1,0,0,0,0,0,0,0,752,0,0,1,1,0,0,1.0,1
31,0,296,4.2959,4.2959,3,1,5000000,1,0,0,0,0,1,30,1,0,0,0,0,0,0,0,0,0,734,1,0,0,0,0,0,5.0,1
22,1,405,4.4904,4.4904,2,1,11000000,0,0,1,0,0,0,24,0,0,0,0,0,0,0,0,0,1,531,0,0,0,0,1,0,3.0,1
2,1,1,1.0027,8.2548,6,4,68400000,0,1,0,0,0,0,18,0,0,1,0,0,0,0,0,0,0,79,1,0,1,0,1,1,4.0,1
22,0,164,0.6685,1.926,2,2,10800000,1,0,1,0,0,0,8,0,0,0,1,0,0,0,0,0,0,539,1,0,1,0,0,0,2.0,1
22,1,322,-0.0219,5.2329,31,5,37000000,3,0,1,0,0,0,21,0,0,0,0,0,0,0,0,0,1,85,1,0,1,1,1,0,2.5,1
2,1,432,2.5233,2.5233,5,1,7660000,3,1,0,0,0,0,27,0,0,0,0,0,0,0,0,0,1,31,0,0,1,0,0,0,6.0,1
12,1,353,0.3397,5.2247,5,4,48730000,3,0,0,1,0,0,30,1,0,0,0,0,0,0,0,0,0,514,1,0,1,1,1,0,3.0,1
2,0,9,0.0,1.4137,1,2,3350000,1,1,0,0,0,0,17,0,0,0,0,0,0,0,0,0,1,636,0,1,1,0,0,0,2.5,1
2,0,445,3.8767,7.1973,3,4,28000000,2,1,0,0,0,0,6,0,0,0,0,0,0,1,0,0,0,39,1,0,0,1,1,0,3.0,1
28,1,431,1.4959,1.4959,5,1,2500000,1,0,0,0,1,0,1,0,0,0,0,0,0,0,0,0,1,848,0,0,1,0,0,0,2.0,1
9,1,368,0.3315,1.1644,16,2,8000000,4,0,0,0,0,1,34,0,1,0,0,0,0,0,0,0,0,127,0,0,1,1,0,0,4.0,1
22,1,325,0.5836,1.6521,6,2,540000,2,0,1,0,0,0,34,0,1,0,0,0,0,0,0,0,0,893,0,1,0,0,0,0,2.5,1
2,1,6,0.0,1.2466,4,2,3100000,4,1,0,0,0,0,11,0,0,0,0,0,1,0,0,0,0,878,0,1,1,0,0,0,2.0,1
22,1,361,1.0904,2.326,8,2,1200000,2,0,1,0,0,0,18,0,0,1,0,0,0,0,0,0,0,507,0,1,1,0,0,0,6.0,1
22,0,371,0.0,0.0,2,1,5000000,1,0,1,0,0,0,11,0,0,0,0,0,1,0,0,0,0,161,0,0,1,0,0,0,2.0,0
2,1,296,0.6658,7.3753,6,6,37079000,1,1,0,0,0,0,27,0,0,0,0,0,0,0,0,0,1,123,1,0,0,0,1,1,3.8,1
12,1,323,4.3315,11.1699,3,4,135826373,2,0,0,1,0,0,22,0,0,0,0,0,0,0,0,0,1,376,0,0,0,1,0,1,4.3333,1
2,0,521,-0.3342,0.2301,5,2,5000000,0,1,0,0,0,0,18,0,0,1,0,0,0,0,0,0,0,454,1,1,0,0,0,0,1.0,1
22,1,249,0.2082,1.0849,3,4,4200000,3,0,1,0,0,0,30,1,0,0,0,0,0,0,0,0,0,835,0,1,1,0,0,0,3.0,1
31,0,463,3.5808,3.5808,3,1,4100000,3,0,0,0,0,1,34,0,1,0,0,0,0,0,0,0,0,875,1,0,0,0,0,0,1.0,1
2,0,66,0.7726,0.7726,3,1,2000000,2,1,0,0,0,0,34,0,1,0,0,0,0,0,0,0,0,842,0,0,0,0,0,0,1.0,0
3,1,6,5.0027,5.0027,3,1,6500000,1,0,0,0,0,1,30,1,0,0,0,0,0,0,0,0,0,370,1,0,0,0,0,0,1.0,1
2,0,123,1.4521,1.4521,0,1,4000000,0,1,0,0,0,0,34,0,1,0,0,0,0,0,0,0,0,241,0,0,1,0,0,0,3.0,0
2,0,287,0.2466,1.0,3,5,185000,1,1,0,0,0,0,18,0,0,1,0,0,0,0,0,0,0,712,1,1,0,0,0,0,2.0,1
24,1,171,2.6959,2.6959,5,1,1300000,2,0,0,0,0,1,18,0,0,1,0,0,0,0,0,0,0,822,0,0,1,0,0,0,1.0,0
22,1,76,3.7945,3.7945,21,1,45000000,0,0,1,0,0,0,0,0,0,0,0,1,0,0,0,0,0,378,0,0,0,1,0,0,1.0,0
12,1,81,2.3041,2.3041,4,1,2500000,3,0,0,1,0,0,26,0,0,0,0,0,0,0,0,0,1,452,0,0,1,0,0,0,2.0,1
28,1,519,0.5808,2.737,11,2,9200000,2,0,0,0,1,0,34,0,1,0,0,0,0,0,0,0,0,91,0,0,1,1,0,0,1.0,1
2,0,204,-1.4712,-0.1369999999999999,0,4,435953,0,1,0,0,0,0,34,0,1,0,0,0,0,0,0,0,0,689,0,1,0,0,0,0,1.0,0
4,0,7,-1.0,0.0,9,2,55600000,2,0,0,0,0,1,20,0,0,0,0,0,0,0,0,0,1,251,0,0,1,1,0,0,2.0,0
3,1,316,6.263,6.263,2,1,10000000,1,0,0,0,0,1,30,1,0,0,0,0,0,0,0,0,0,403,1,0,0,0,0,0,1.0,0
31,0,115,0.8329,0.8329,3,1,12000,1,0,0,0,0,1,11,0,0,0,0,0,1,0,0,0,0,749,0,1,0,0,0,0,1.0,1
13,0,18,4.0301,4.0849,3,2,2257464,0,0,0,0,0,1,3,0,0,0,0,0,0,0,1,0,0,536,1,0,0,0,0,0,1.0,0
22,1,431,0.1671,0.5288,4,2,983000,2,0,1,0,0,0,17,0,0,0,0,0,0,0,0,0,1,853,0,1,0,0,0,0,6.0,1
2,1,333,1.4466,2.5068,15,2,41000000,2,1,0,0,0,0,9,0,0,0,0,0,0,0,0,0,1,304,0,0,0,1,1,0,1.5,1
28,0,520,3.6685,5.5589,0,3,9100000,0,0,0,0,1,0,30,1,0,0,0,0,0,0,0,0,0,27,1,0,0,1,1,0,1.0,0
2,0,301,2.4438,7.1973,6,3,25500100,3,1,0,0,0,0,30,1,0,0,0,0,0,0,0,0,0,758,1,0,0,1,0,0,2.5,1
2,1,299,0.2959,0.2959,3,1,400000,2,1,0,0,0,0,34,0,1,0,0,0,0,0,0,0,0,625,0,1,0,0,0,0,1.0,1
22,1,548,4.737,8.3479,4,10,22165091,0,0,1,0,0,0,20,0,0,0,0,0,0,0,0,0,1,501,1,0,0,1,0,0,2.0,1
2,1,474,0.1671,0.1671,4,1,500000,2,1,0,0,0,0,20,0,0,0,0,0,0,0,0,0,1,217,0,0,1,0,0,0,4.0,1
2,1,60,0.6629999999999999,5.8849,29,5,70000000,4,1,0,0,0,0,34,0,1,0,0,0,0,0,0,0,0,202,0,0,1,1,1,1,2.8,1
9,1,410,1.2603,3.1781,6,2,4700000,1,0,0,0,0,1,27,0,0,0,0,0,0,0,0,0,1,780,1,0,1,0,0,0,1.0,1
12,1,49,2.0055,2.0055,1,1,30000000,1,0,0,1,0,0,6,0,0,0,0,0,0,1,0,0,0,199,1,0,0,0,0,0,2.0,1
12,1,39,2.0658,9.3836,13,5,39000000,1,0,0,1,0,0,30,1,0,0,0,0,0,0,0,0,0,359,0,0,0,1,1,1,3.25,1
2,1,419,6.4356,9.0,10,3,32000000,1,1,0,0,0,0,28,0,0,0,0,0,0,0,0,0,1,157,0,0,0,0,0,1,3.0,1
12,1,209,0.1151,1.1507,7,3,42000000,0,0,0,1,0,0,0,0,0,0,0,1,0,0,0,0,0,756,0,0,1,1,1,0,2.6667,1
2,1,338,4.3726,9.3616,5,3,24510540,2,1,0,0,0,0,8,0,0,0,1,0,0,0,0,0,0,619,1,0,1,1,0,0,2.6667,1
2,0,504,5.6548,5.6548,0,1,2500000,0,1,0,0,0,0,30,1,0,0,0,0,0,0,0,0,0,719,1,0,0,0,0,0,2.0,1
6,1,515,3.6027,7.926,1,3,21460663,2,0,0,0,0,1,30,1,0,0,0,0,0,0,0,0,0,305,0,0,0,1,1,1,4.5,1
22,1,362,5.3507,5.3507,6,1,15000000,0,0,1,0,0,0,11,0,0,0,0,0,1,0,0,0,0,652,0,0,0,0,1,0,4.0,1
2,0,371,1.4137,4.2795,5,2,889999,2,1,0,0,0,0,18,0,0,1,0,0,0,0,0,0,0,527,1,1,0,0,0,0,3.5,1
2,1,258,4.2219,4.2219,6,1,16000000,1,1,0,0,0,0,30,1,0,0,0,0,0,0,0,0,0,725,0,0,0,1,0,0,3.0,1
2,1,165,2.4192,2.4192,5,1,7000000,4,1,0,0,0,0,34,0,1,0,0,0,0,0,0,0,0,877,0,0,0,1,0,0,2.0,1
22,0,244,0.7479,0.7479,3,2,100000,0,0,1,0,0,0,0,0,0,0,0,1,0,0,0,0,0,802,0,1,0,0,0,0,1.0,0
22,1,505,1.9041,1.9041,13,1,1500000,3,0,1,0,0,0,19,0,0,0,0,0,0,0,0,0,1,271,0,0,1,0,0,0,1.0,0
31,1,19,6.0356,6.0356,19,1,8000000,4,0,0,0,0,1,34,0,1,0,0,0,0,0,0,0,0,820,1,0,0,0,0,0,1.0,1
2,1,112,0.2521,0.7425,22,2,4000000,4,1,0,0,0,0,34,0,1,0,0,0,0,0,0,0,0,669,0,0,1,1,0,0,3.0,1
2,0,402,0.0164,0.0164,3,1,25000,0,1,0,0,0,0,34,0,1,0,0,0,0,0,0,0,0,356,0,1,0,0,0,0,1.0,0
2,1,417,2.4301,9.0055,10,6,64630000,3,1,0,0,0,0,18,0,0,1,0,0,0,0,0,0,0,270,1,0,0,1,1,0,3.6667,1
2,0,6,1.0,3.6493,10,2,12100000,1,1,0,0,0,0,34,0,1,0,0,0,0,0,0,0,0,12,0,0,1,1,0,0,1.0,1
2,1,256,4.2192,5.6110000000000015,9,2,20000000,1,1,0,0,0,0,30,1,0,0,0,0,0,0,0,0,0,108,0,0,0,0,1,1,4.5,1
28,0,16,2.0301,9.3808,10,4,49600000,1,0,0,0,1,0,12,0,0,0,0,0,0,0,0,0,1,508,0,0,0,1,1,0,2.6667,1
2,1,465,7.5123,9.9479,3,5,51450000,1,1,0,0,0,0,11,0,0,0,0,0,1,0,0,0,0,248,1,0,0,0,0,1,5.6667,1
2,1,264,-0.1808,2.5178,7,2,6300000,1,1,0,0,0,0,17,0,0,0,0,0,0,0,0,0,1,380,0,0,1,1,0,0,2.0,1
22,0,12,2.0,2.0,8,1,200000,3,0,1,0,0,0,18,0,0,1,0,0,0,0,0,0,0,827,0,1,0,0,0,0,2.0,1
23,0,525,0.0,0.0,2,1,20000,1,0,0,0,0,1,9,0,0,0,0,0,0,0,0,0,1,118,0,1,0,0,0,0,1.0,0
12,1,3,0.0,3.3945,13,2,11600000,3,0,0,1,0,0,12,0,0,0,0,0,0,0,0,0,1,42,0,0,1,0,1,0,2.0,1
2,1,382,0.1205,0.1205,6,1,9150000,2,1,0,0,0,0,34,0,1,0,0,0,0,0,0,0,0,440,0,0,1,0,0,0,2.0,1
23,0,70,0.2849,0.2849,2,1,1200000,2,0,0,0,0,1,0,0,0,0,0,1,0,0,0,0,0,465,0,0,1,0,0,0,4.0,1
2,0,169,1.8301,1.8301,4,1,1700000,2,1,0,0,0,0,29,0,0,0,0,0,0,0,0,0,1,803,0,0,0,0,0,0,7.0,1
2,1,474,0.5808,2.5123,9,3,1415000,4,1,0,0,0,0,29,0,0,0,0,0,0,0,0,0,1,629,1,1,0,0,0,0,1.0,1
2,1,198,1.0849,3.1342,16,2,4200000,2,1,0,0,0,0,8,0,0,0,1,0,0,0,0,0,0,207,0,0,1,1,0,0,1.5,1
12,1,165,0.9151,1.6356,7,2,500000,2,0,0,1,0,0,34,0,1,0,0,0,0,0,0,0,0,611,0,1,1,0,0,0,2.0,0
28,1,172,5.9507,5.9507,1,1,21500000,0,0,0,0,1,0,24,0,0,0,0,0,0,0,0,0,1,561,0,0,0,0,1,0,4.0,1
29,1,387,0.0411,1.5863,4,2,10000000,2,0,0,0,0,1,34,0,1,0,0,0,0,0,0,0,0,402,0,0,1,0,0,0,2.0,0
2,0,197,1.0877,2.5616,7,2,9500000,1,1,0,0,0,0,30,1,0,0,0,0,0,0,0,0,0,623,0,0,1,1,0,0,2.5,1
20,0,143,10.9068,10.9068,5,1,275000,1,0,0,0,0,1,30,1,0,0,0,0,0,0,0,0,0,358,0,1,0,0,0,0,2.0,0
2,1,197,0.0849,5.0356,10,3,19743770,1,1,0,0,0,0,30,1,0,0,0,0,0,0,0,0,0,407,0,0,0,1,1,0,2.5,1
12,1,477,2.0849,4.0192,5,5,1178000,1,0,0,1,0,0,30,1,0,0,0,0,0,0,0,0,0,658,0,1,0,0,0,0,5.0,1
2,1,60,0.7479,2.7945,5,3,25000000,2,1,0,0,0,0,27,0,0,0,0,0,0,0,0,0,1,98,0,0,1,1,0,0,2.0,1
25,1,493,1.5863,3.1808,1,3,24150000,0,0,0,0,0,1,28,0,0,0,0,0,0,0,0,0,1,360,1,0,1,1,0,0,2.0,1
2,0,61,1.7479,3.5452,4,2,80000000,1,1,0,0,0,0,18,0,0,1,0,0,0,0,0,0,0,350,0,0,1,1,0,0,1.0,0
2,1,369,1.4164,3.326,11,2,36000000,3,1,0,0,0,0,12,0,0,0,0,0,0,0,0,0,1,459,0,0,1,1,0,0,3.5,1
17,0,205,1.3973,1.3973,1,1,205000,0,0,0,0,0,1,20,0,0,0,0,0,0,0,0,0,1,3,0,1,0,0,0,0,1.0,0
2,1,109,-0.0438,4.211,27,4,28300000,4,1,0,0,0,0,34,0,1,0,0,0,0,0,0,0,0,372,0,0,1,1,1,1,2.5,1
2,0,323,-1.1836,-1.1836,1,1,2000000,1,1,0,0,0,0,34,0,1,0,0,0,0,0,0,0,0,259,0,0,0,0,0,0,1.0,0
2,1,110,0.7479,1.1616,63,2,11500000,6,1,0,0,0,0,11,0,0,0,0,0,1,0,0,0,0,767,0,0,1,1,0,0,1.0,1
22,0,139,0.8904,0.8904,15,1,4000000,2,0,1,0,0,0,18,0,0,1,0,0,0,0,0,0,0,732,0,0,1,0,0,0,3.0,1
22,0,299,0.7151,0.7151,2,1,500000,2,0,1,0,0,0,6,0,0,0,0,0,0,1,0,0,0,585,0,1,0,0,0,0,1.0,1
28,0,226,0.7425,0.7425,9,1,4000000,2,0,0,0,1,0,26,0,0,0,0,0,0,0,0,0,1,502,0,0,1,0,0,0,2.0,1
22,0,10,0.0,2.4274,8,2,9030000,2,0,1,0,0,0,34,0,1,0,0,0,0,0,0,0,0,801,0,1,1,0,0,0,4.0,1
25,1,41,0.0658,4.3863,15,4,69900000,0,0,0,0,0,1,3,0,0,0,0,0,0,0,1,0,0,330,0,1,1,0,1,1,4.75,1
2,0,329,0.6658,0.6658,2,1,20000,1,1,0,0,0,0,17,0,0,0,0,0,0,0,0,0,1,159,0,1,0,0,0,0,1.0,0
10,1,449,3.6384,11.9041,29,7,238209999,3,0,0,0,0,1,30,1,0,0,0,0,0,0,0,0,0,49,1,0,0,0,0,0,2.0,1
12,1,233,3.1014,6.7342,3,3,14700000,2,0,0,1,0,0,16,0,0,0,0,0,0,0,0,0,1,315,1,0,0,1,0,0,1.0,0
2,1,126,-0.1288,0.8712,4,3,430000,2,1,0,0,0,0,11,0,0,0,0,0,1,0,0,0,0,467,0,1,0,0,0,0,1.6667,0
2,1,63,1.337,1.4219,5,2,1015000,1,1,0,0,0,0,8,0,0,0,1,0,0,0,0,0,0,219,1,0,1,0,0,0,1.0,0
2,0,527,0.4438,0.4438,2,1,1200000,1,1,0,0,0,0,34,0,1,0,0,0,0,0,0,0,0,292,1,0,0,0,0,0,2.0,1
25,1,46,1.8301,3.3288,16,2,17100000,4,0,0,0,0,1,34,0,1,0,0,0,0,0,0,0,0,716,0,0,1,1,0,0,2.5,1
3,1,555,4.6767,4.6767,0,1,50000000,1,0,0,0,0,1,34,0,1,0,0,0,0,0,0,0,0,145,1,0,0,0,0,0,4.0,1
2,0,507,0.6548,0.6548,3,1,900000,0,1,0,0,0,0,30,1,0,0,0,0,0,0,0,0,0,633,0,0,1,0,0,0,1.0,1
2,0,284,16.9863,16.9863,7,1,6000000,2,1,0,0,0,0,20,0,0,0,0,0,0,0,0,0,1,213,0,0,1,0,0,0,1.0,1
22,1,59,0.7479,7.0904,5,2,15100000,3,0,1,0,0,0,0,0,0,0,0,1,0,0,0,0,0,291,0,1,1,0,0,0,1.0,0
2,1,319,1.8575,4.6027,15,4,14800000,3,1,0,0,0,0,18,0,0,1,0,0,0,0,0,0,0,165,1,0,0,1,1,0,2.25,1
2,1,292,0.0411,3.1425,30,2,6875000,5,1,0,0,0,0,34,0,1,0,0,0,0,0,0,0,0,603,1,0,1,0,0,0,7.0,1
28,0,85,0.8712,0.8712,1,1,30000,0,0,0,0,1,0,30,1,0,0,0,0,0,0,0,0,0,192,0,1,0,0,0,0,1.0,0
3,1,474,0.2055,0.4329,6,2,415000,2,0,0,0,0,1,20,0,0,0,0,0,0,0,0,0,1,622,0,1,0,0,0,0,1.0,1
22,1,7,-0.1616,3.8329,16,4,27063781,4,0,1,0,0,0,34,0,1,0,0,0,0,0,0,0,0,427,0,0,1,1,1,0,3.5,1
2,1,198,3.0877,3.0877,6,1,3100000,1,1,0,0,0,0,0,0,0,0,0,1,0,0,0,0,0,58,0,0,1,0,0,0,5.0,1
2,0,240,2.1616,3.2877,13,2,33000000,4,0,0,0,0,0,26,0,0,0,0,0,0,0,0,0,1,865,0,0,1,1,0,0,2.5,1
2,1,64,2.7753,5.0027,2,3,17400000,2,1,0,0,0,0,34,0,1,0,0,0,0,0,0,0,0,164,1,0,0,0,1,0,5.0,1
2,1,5,0.0,3.3863,17,5,28300000,4,1,0,0,0,0,34,0,1,0,0,0,0,0,0,0,0,553,0,1,1,1,1,1,2.0,1
2,1,520,-0.2493,2.1644,42,4,46800000,6,1,0,0,0,0,0,0,0,0,0,1,0,0,0,0,0,810,0,0,1,1,1,0,2.5,1
9,1,327,1.3288,2.0301,5,3,1525000,2,0,0,0,0,1,6,0,0,0,0,0,0,1,0,0,0,866,0,1,0,0,0,0,2.6667,1
22,1,250,0.3397,0.3397,9,1,1200000,3,0,1,0,0,0,33,0,0,0,0,0,0,0,0,0,1,9,0,1,0,0,0,0,5.0,1
2,1,464,0.1781,4.0301,6,3,12400000,4,1,0,0,0,0,34,0,1,0,0,0,0,0,0,0,0,576,1,0,1,1,0,0,1.6667,1
25,0,494,4.5863,4.5863,1,1,100000,0,0,0,0,0,1,3,0,0,0,0,0,0,0,1,0,0,753,1,0,0,0,0,0,1.0,1
2,1,258,2.2219,7.3288,4,3,11000000,1,1,0,0,0,0,30,1,0,0,0,0,0,0,0,0,0,591,1,1,0,1,0,0,1.6667,1
27,1,356,1.3397,2.2795,3,2,675000,1,0,0,0,0,1,34,0,1,0,0,0,0,0,0,0,0,854,0,1,0,0,0,0,1.5,0
2,1,5,0.0,2.3863,5,2,13000000,0,1,0,0,0,0,30,1,0,0,0,0,0,0,0,0,0,885,0,0,1,1,0,0,2.5,1
22,1,115,0.7479,0.7479,5,1,3500000,2,0,1,0,0,0,29,0,0,0,0,0,0,0,0,0,1,766,0,0,0,0,0,0,2.0,1
12,0,194,4.9342,4.9342,2,1,12000000,1,0,0,1,0,0,12,0,0,0,0,0,0,0,0,0,1,718,0,0,0,0,1,0,4.0,1
2,1,474,0.5808,4.8521,10,5,78573646,4,1,0,0,0,0,11,0,0,0,0,0,1,0,0,0,0,688,0,0,1,1,1,0,4.3333,1
27,1,384,0.4521,6.0822,2,3,15286415,1,0,0,0,0,1,23,0,0,0,0,0,0,0,0,0,1,4,0,0,1,0,0,0,1.0,0
2,1,537,0.7123,0.7123,5,1,3200000,3,1,0,0,0,0,34,0,1,0,0,0,0,0,0,0,0,33,0,0,1,0,0,0,1.0,1
31,0,275,0.0164,0.0164,1,1,30000,1,0,0,0,0,1,0,0,0,0,0,1,0,0,0,0,0,825,0,1,0,0,0,0,2.0,0
2,1,2,0.0,10.8192,28,3,14650003,1,1,0,0,0,0,30,1,0,0,0,0,0,0,0,0,0,616,0,1,0,0,0,1,1.0,0
2,1,225,3.1589,5.6712,9,2,23500000,1,1,0,0,0,0,30,1,0,0,0,0,0,0,0,0,0,172,1,0,0,1,0,0,5.0,1
12,0,48,5.0082,5.0082,2,1,980000,0,0,0,1,0,0,30,1,0,0,0,0,0,0,0,0,0,632,0,0,0,0,0,0,1.0,0
2,0,224,3.1562,3.1562,0,1,20000000,0,1,0,0,0,0,12,0,0,0,0,0,0,0,0,0,1,160,0,0,0,1,0,0,3.0,1
31,0,4,-0.9178,-0.9178,4,1,1500000,0,0,0,0,0,1,34,0,1,0,0,0,0,0,0,0,0,59,0,0,0,0,0,0,3.0,0
2,1,270,4.1753,5.537000000000001,0,2,8000000,1,1,0,0,0,0,11,0,0,0,0,0,1,0,0,0,0,392,0,0,1,0,0,0,1.5,1
2,1,44,0.326,4.6932,13,4,25200000,3,1,0,0,0,0,30,1,0,0,0,0,0,0,0,0,0,813,0,0,1,1,1,1,4.0,1
2,1,239,2.7507,4.589,21,4,61000000,2,1,0,0,0,0,30,1,0,0,0,0,0,0,0,0,0,245,0,0,1,1,1,0,3.0,1
2,1,521,1.337,4.3041,12,4,46300000,4,1,0,0,0,0,11,0,0,0,0,0,1,0,0,0,0,887,1,0,1,1,1,0,4.25,1
13,1,13,4.0274,8.2712,15,4,24500000,5,0,0,0,0,1,30,1,0,0,0,0,0,0,0,0,0,29,0,0,0,1,1,1,4.3333,1
2,0,187,0.9863,1.6575,1,2,7500000,1,1,0,0,0,0,11,0,0,0,0,0,1,0,0,0,0,200,0,0,1,0,0,0,1.0,0
31,0,503,2.6493,2.6493,1,1,29000000,1,0,0,0,0,1,11,0,0,0,0,0,1,0,0,0,0,416,1,0,0,0,0,0,5.0,1
2,1,5,0.0,3.3808,5,3,24000000,1,1,0,0,0,0,20,0,0,0,0,0,0,0,0,0,1,162,0,0,1,1,1,0,2.6667,1
2,1,364,5.3562,10.2082,2,4,81017493,1,1,0,0,0,0,28,0,0,0,0,0,0,0,0,0,1,297,1,0,0,0,1,1,5.6667,1
2,1,514,1.8493,2.1726,4,2,1000000,3,1,0,0,0,0,1,0,0,0,0,0,0,0,0,0,1,891,0,1,0,0,0,0,4.5,1
3,1,234,1.1014,1.8712,14,2,12010000,2,0,0,0,0,1,30,1,0,0,0,0,0,0,0,0,0,791,1,0,1,0,0,0,2.5,1
12,1,92,3.7562,3.7562,2,1,22000000,3,0,0,1,0,0,18,0,0,1,0,0,0,0,0,0,0,708,0,0,0,0,1,0,4.0,1
2,0,380,8.4493,8.4493,1,1,42700000,0,1,0,0,0,0,3,0,0,0,0,0,0,0,1,0,0,432,0,0,0,1,0,0,3.0,1
2,1,184,5.9753,7.3918,5,3,80000000,1,1,0,0,0,0,30,1,0,0,0,0,0,0,0,0,0,214,1,0,0,0,0,1,4.0,1
2,1,261,1.1589,1.1589,3,1,205000,3,1,0,0,0,0,34,0,1,0,0,0,0,0,0,0,0,600,0,1,0,0,0,0,7.0,1
22,1,468,1.7644,1.7644,5,1,3750000,2,0,1,0,0,0,1,0,0,0,0,0,0,0,0,0,1,670,0,0,1,0,0,0,1.0,1
2,0,477,0.0,0.6411,11,2,41000000,2,1,0,0,0,0,22,0,0,0,0,0,0,0,0,0,1,806,0,0,1,1,0,0,1.5,1
2,1,120,1.7781,2.3863,37,2,76000000,3,1,0,0,0,0,11,0,0,0,0,0,1,0,0,0,0,308,0,0,1,0,0,0,4.0,1
12,1,6,0.0,2.7507,9,2,20000000,2,0,0,1,0,0,8,0,0,0,1,0,0,0,0,0,0,513,0,0,1,1,0,0,1.0,1
2,1,484,1.2877,3.8521,11,2,9356180,4,1,0,0,0,0,1,0,0,0,0,0,0,0,0,0,1,786,0,0,1,1,0,0,1.5,1
22,0,281,-9.0466,-9.0466,6,1,100000,2,0,1,0,0,0,0,0,0,0,0,1,0,0,0,0,0,296,0,1,0,0,0,0,1.0,0
7,1,45,2.0767,4.6603,9,2,13600000,2,0,0,0,0,1,30,1,0,0,0,0,0,0,0,0,0,180,0,0,0,1,1,0,3.0,1
2,1,165,1.1671,1.1671,19,1,3000000,4,1,0,0,0,0,0,0,0,0,0,1,0,0,0,0,0,124,0,0,1,0,0,0,2.0,1
2,0,127,1.874,6.4767,4,5,21138876,0,1,0,0,0,0,0,0,0,0,0,1,0,0,0,0,0,134,1,0,1,1,0,0,2.0,1
12,1,375,0.1945,0.7836,13,4,2345000,3,0,0,1,0,0,8,0,0,0,1,0,0,0,0,0,0,281,0,1,1,0,0,0,5.75,1
2,0,110,0.7945,0.7945,7,1,4000000,4,1,0,0,0,0,34,0,1,0,0,0,0,0,0,0,0,298,0,0,1,0,0,0,1.0,0
2,0,84,3.811,5.1781,2,2,17000000,2,1,0,0,0,0,30,1,0,0,0,0,0,0,0,0,0,664,1,0,0,0,1,0,3.0,1
11,1,313,-0.2384,0.8493,3,4,59700,1,0,0,0,0,1,30,1,0,0,0,0,0,0,0,0,0,754,0,1,0,0,0,0,1.0,1
2,1,100,-0.0082,-0.0082,12,1,2350000,3,1,0,0,0,0,8,0,0,0,1,0,0,0,0,0,0,648,0,0,1,0,0,0,2.0,1
30,0,132,1.8822,1.8822,2,1,10000000,1,0,0,0,0,1,30,1,0,0,0,0,0,0,0,0,0,815,0,0,1,0,0,0,2.0,1
2,0,559,0.6767,1.4493,2,2,21189,1,1,0,0,0,0,18,0,0,1,0,0,0,0,0,0,0,10,1,1,0,0,0,0,1.0,1
12,1,382,2.4521,5.1562,7,3,28000000,2,0,0,1,0,0,30,1,0,0,0,0,0,0,0,0,0,353,0,0,1,1,1,0,2.6667,1
2,0,322,3.3315,3.3315,0,1,9500000,0,1,0,0,0,0,30,1,0,0,0,0,0,0,0,0,0,713,1,0,0,0,0,0,2.0,0
30,1,153,2.6822,6.4164,11,3,23500000,2,0,0,0,0,1,18,0,0,1,0,0,0,0,0,0,0,405,1,0,0,1,1,0,3.6667,1
24,1,394,4.4712,4.4712,6,1,13000000,1,0,0,0,0,1,30,1,0,0,0,0,0,0,0,0,0,418,0,0,0,0,0,1,4.0,1
22,1,453,1.5616,3.1562,8,2,21750000,2,0,1,0,0,0,11,0,0,0,0,0,1,0,0,0,0,374,1,0,0,1,0,0,2.0,1
25,0,228,5.1644,5.1644,0,1,5750000,0,0,0,0,0,1,24,0,0,0,0,0,0,0,0,0,1,695,0,0,0,0,1,0,4.0,1
14,1,547,0.7342,1.1753,1,2,23400000,1,0,0,0,0,1,30,1,0,0,0,0,0,0,0,0,0,400,0,0,1,1,0,0,2.5,1
2,0,262,1.0685,1.0685,4,1,4300000,3,1,0,0,0,0,0,0,0,0,0,1,0,0,0,0,0,34,0,0,1,0,0,0,2.0,1
28,1,121,2.2082,4.6521,1,2,20000000,1,0,0,0,1,0,27,0,0,0,0,0,0,0,0,0,1,261,1,0,0,0,1,0,2.0,1
2,1,263,4.2356,9.3616,16,2,51000000,1,1,0,0,0,0,3,0,0,0,0,0,0,0,1,0,0,375,0,0,0,0,1,0,3.5,1
12,1,563,3.6877,10.137,2,4,27101994,1,0,0,1,0,0,8,0,0,0,1,0,0,0,0,0,0,566,1,0,0,1,0,0,4.6667,1
2,1,222,5.1507,5.1507,6,1,6480000,1,1,0,0,0,0,24,0,0,0,0,0,0,0,0,0,1,559,0,0,0,0,0,1,3.0,1
2,1,62,0.4192,2.2329,8,2,35000000,2,1,0,0,0,0,8,0,0,0,1,0,0,0,0,0,0,154,0,0,1,1,0,0,2.5,1
12,0,426,-3.5068,0.3945,5,3,11300000,2,0,0,1,0,0,34,0,1,0,0,0,0,0,0,0,0,795,1,0,0,1,1,0,1.0,1
7,0,300,0.2986,0.2986,1,1,19000,1,0,0,0,0,1,6,0,0,0,0,0,0,1,0,0,0,131,0,1,0,0,0,0,1.0,0
20,1,520,1.6658,5.3014,27,6,78500000,3,0,0,0,0,1,6,0,0,0,0,0,0,1,0,0,0,649,0,0,1,1,1,1,3.4,1
22,0,15,0.1534,0.1534,4,1,600000,0,0,1,0,0,0,34,0,1,0,0,0,0,0,0,0,0,187,0,1,0,0,0,0,2.0,0
13,1,405,5.4932,6.5836,3,2,13000000,1,0,0,0,0,1,20,0,0,0,0,0,0,0,0,0,1,470,0,0,1,1,0,0,1.5,1
2,0,425,0.0,2.8356,7,5,43600000,3,1,0,0,0,0,26,0,0,0,0,0,0,0,0,0,1,414,0,0,1,1,1,1,3.0,1
2,1,30,0.3589,3.4712,38,5,142000000,3,1,0,0,0,0,8,0,0,0,1,0,0,0,0,0,0,5,0,0,1,1,1,1,5.2,1
2,1,389,2.1836,3.3068,6,2,2000000,2,1,0,0,0,0,34,0,1,0,0,0,0,0,0,0,0,660,1,0,1,0,0,0,1.5,1
28,1,3,2.0,4.0466,4,3,26800000,1,0,0,0,1,0,30,1,0,0,0,0,0,0,0,0,0,361,0,0,1,1,1,0,3.0,1
2,0,294,1.2904,6.388999999999999,2,6,55900000,1,1,0,0,0,0,12,0,0,0,0,0,0,0,0,0,1,210,1,0,1,1,1,0,3.2,1
2,1,61,1.6027,2.8137,14,2,11000000,3,1,0,0,0,0,18,0,0,1,0,0,0,0,0,0,0,152,0,0,1,1,0,0,2.0,1
2,1,373,0.4137,2.474,19,3,31500000,1,1,0,0,0,0,8,0,0,0,1,0,0,0,0,0,0,558,0,0,1,1,1,0,3.3333,1
5,1,97,3.3863,3.3863,4,1,1500000,2,0,0,0,0,1,8,0,0,0,1,0,0,0,0,0,0,826,1,0,0,0,0,0,2.0,0
22,0,343,0.0082,1.1479,5,3,900000,3,0,1,0,0,0,29,0,0,0,0,0,0,0,0,0,1,833,0,1,0,0,0,0,1.5,1
2,1,388,1.4603,6.3918,4,3,58000000,1,1,0,0,0,0,3,0,0,0,0,0,0,0,1,0,0,336,0,0,1,1,1,0,5.0,1
12,1,427,0.4959,4.9671,10,4,29050000,2,0,0,1,0,0,30,1,0,0,0,0,0,0,0,0,0,101,1,0,0,1,0,0,2.6667,1
21,1,104,0.7589,2.4521,3,2,250000,2,0,0,0,0,1,21,0,0,0,0,0,0,0,0,0,1,83,0,1,0,0,0,0,1.5,1
2,0,501,3.6493,3.6493,2,1,21000000,0,1,0,0,0,0,30,1,0,0,0,0,0,0,0,0,0,613,0,0,0,0,1,0,4.0,1
22,1,237,4.1671,7.4356,25,2,35000000,0,0,1,0,0,0,0,0,0,0,0,1,0,0,0,0,0,46,1,0,1,0,0,0,3.5,1
2,0,487,-0.0027,-0.0027,2,1,500000,1,1,0,0,0,0,34,0,1,0,0,0,0,0,0,0,0,775,0,1,0,0,0,0,1.0,0
28,1,480,5.6110000000000015,6.474,3,2,30920000,1,0,0,0,1,0,24,0,0,0,0,0,0,0,0,0,1,643,1,0,0,0,0,0,3.5,1
2,1,4,2.0,8.0356,9,4,29288979,1,1,0,0,0,0,30,1,0,0,0,0,0,0,0,0,0,690,1,0,1,1,1,0,2.6667,1
12,0,230,8.0986,12.3671,11,4,24200000,2,0,0,1,0,0,30,1,0,0,0,0,0,0,0,0,0,115,1,0,1,0,1,0,2.3333,1
2,1,62,1.0,1.0,4,1,1000000,3,1,0,0,0,0,34,0,1,0,0,0,0,0,0,0,0,52,0,0,1,0,0,0,1.0,0
16,1,4,1.0,3.0575,3,2,5550000,1,0,0,0,0,1,34,0,1,0,0,0,0,0,0,0,0,709,0,1,1,0,0,0,1.0,1
2,0,373,-0.1534,2.3425,8,2,3000000,3,1,0,0,0,0,18,0,0,1,0,0,0,0,0,0,0,393,0,1,1,0,0,0,3.5,1
2,1,414,0.6767,1.9178,13,2,14300000,3,1,0,0,0,0,34,0,1,0,0,0,0,0,0,0,0,61,0,0,1,1,0,0,4.5,1
2,0,257,4.2192,4.2192,0,1,1000000,0,1,0,0,0,0,20,0,0,0,0,0,0,0,0,0,1,654,1,0,0,0,0,0,2.0,0
2,1,452,2.5644,3.389,7,2,11000000,1,1,0,0,0,0,30,1,0,0,0,0,0,0,0,0,0,120,1,0,0,1,0,0,1.5,1
22,0,9,2.0027,3.0027,7,2,2000000,3,0,1,0,0,0,23,0,0,0,0,0,0,0,0,0,1,517,1,1,0,0,0,0,3.0,0
2,1,165,0.8301,2.7178,17,2,5000000,2,1,0,0,0,0,34,0,1,0,0,0,0,0,0,0,0,653,1,1,0,0,0,0,1.0,1
2,1,10,2.0027,2.0027,12,1,11000000,2,1,0,0,0,0,8,0,0,0,1,0,0,0,0,0,0,557,0,0,0,1,0,0,3.0,1
2,1,166,0.4192,3.4192,19,4,14100000,4,1,0,0,0,0,8,0,0,0,1,0,0,0,0,0,0,56,0,1,1,1,0,0,2.25,1
2,0,198,0.4932,0.4932,8,1,5000000,1,1,0,0,0,0,26,0,0,0,0,0,0,0,0,0,1,448,0,0,1,0,0,0,1.0,0
31,0,9,0.0,1.5808,1,2,400000,1,0,0,0,0,1,34,0,1,0,0,0,0,0,0,0,0,451,0,1,0,0,0,0,1.0,0
2,1,344,7.3945,7.3945,4,1,10000000,1,1,0,0,0,0,3,0,0,0,0,0,0,0,1,0,0,449,0,0,0,0,1,0,1.0,0
12,0,110,0.8329,4.0712,3,3,11035000,1,0,0,1,0,0,30,1,0,0,0,0,0,0,0,0,0,95,1,0,0,1,1,0,1.6667,1
12,1,497,5.6438,5.6438,9,1,12700000,2,0,0,1,0,0,24,0,0,0,0,0,0,0,0,0,1,692,0,0,0,0,0,1,4.0,1
2,1,174,2.9507,3.5562,3,2,20757182,1,1,0,0,0,0,3,0,0,0,0,0,0,0,1,0,0,663,0,0,0,1,0,0,1.0,1
2,1,129,5.4658,7.2822,5,3,27000000,1,1,0,0,0,0,30,1,0,0,0,0,0,0,0,0,0,189,0,0,0,0,0,1,6.0,1
22,1,8,3.7534,3.7534,7,1,10000000,3,0,1,0,0,0,0,0,0,0,0,1,0,0,0,0,0,776,0,0,1,0,0,0,1.0,0
2,0,258,4.2219,4.2219,4,1,26000000,0,1,0,0,0,0,24,0,0,0,0,0,0,0,0,0,1,691,0,0,0,0,0,1,4.0,1
4,0,240,2.1616,4.9562,2,2,4000000,0,0,0,0,0,1,17,0,0,0,0,0,0,0,0,0,1,511,0,0,1,0,0,0,2.0,1
2,1,50,2.0849,3.9425,3,2,20220000,1,1,0,0,0,0,12,0,0,0,0,0,0,0,0,0,1,211,0,0,1,1,0,0,3.0,1
22,1,467,4.3534,4.3534,7,1,10000000,3,0,1,0,0,0,11,0,0,0,0,0,1,0,0,0,0,386,0,0,0,1,0,0,4.0,1
22,0,67,1.5123,3.6082,8,2,7350000,3,0,1,0,0,0,11,0,0,0,0,0,1,0,0,0,0,32,0,0,1,1,0,0,4.5,1
2,0,318,0.7671,0.7671,1,1,50000,1,1,0,0,0,0,17,0,0,0,0,0,0,0,0,0,1,556,0,1,0,0,0,0,1.0,0
22,0,135,1.8822,1.8822,5,1,1000000,3,0,1,0,0,0,9,0,0,0,0,0,0,0,0,0,1,711,0,0,1,0,0,0,7.0,1
2,0,75,2.7945,6.0356,16,4,45000000,2,1,0,0,0,0,27,0,0,0,0,0,0,0,0,0,1,60,0,0,1,1,1,0,2.0,1
2,0,538,0.2164,4.8438,22,5,70000000,5,1,0,0,0,0,8,0,0,0,1,0,0,0,0,0,0,495,1,0,1,1,1,0,4.2,1
31,0,306,1.3096,1.3096,3,1,500000,2,0,0,0,0,1,6,0,0,0,0,0,0,1,0,0,0,280,0,0,1,0,0,0,1.0,1
2,0,522,0.0849,1.3342,6,2,500000,0,1,0,0,0,0,30,1,0,0,0,0,0,0,0,0,0,533,0,0,0,0,0,0,1.0,1
28,1,197,1.0877,3.6438,2,3,44000000,1,0,0,0,1,0,28,0,0,0,0,0,0,0,0,0,1,230,0,0,1,1,1,0,4.0,1
3,0,331,10.3644,10.3644,4,1,21000000,1,0,0,0,0,1,28,0,0,0,0,0,0,0,0,0,1,321,1,0,0,0,0,0,5.0,1
2,1,535,0.7041,1.1315,12,2,19000000,2,1,0,0,0,0,11,0,0,0,0,0,1,0,0,0,0,425,0,0,1,1,0,0,3.5,1
2,0,415,1.4247,4.5397,0,3,18700000,0,1,0,0,0,0,28,0,0,0,0,0,0,0,0,0,1,529,1,0,1,0,0,0,2.0,1
2,1,103,1.0932,1.0932,6,1,10000000,2,1,0,0,0,0,30,1,0,0,0,0,0,0,0,0,0,659,0,0,1,0,0,0,7.0,1
6,0,7,0.4192,0.4192,5,3,5900000,0,0,0,0,0,1,30,1,0,0,0,0,0,0,0,0,0,876,0,1,0,0,0,0,1.0,0
12,1,418,3.4301,4.2548,13,2,28000000,2,0,0,1,0,0,22,0,0,0,0,0,0,0,0,0,1,216,0,0,0,1,1,0,2.0,1
19,0,7,0.0,4.3945,5,7,24300000,2,0,0,0,0,1,30,1,0,0,0,0,0,0,0,0,0,89,1,1,1,1,0,0,2.0,1
2,1,369,0.4137,5.3370000000000015,21,4,32006000,3,1,0,0,0,0,18,0,0,1,0,0,0,0,0,0,0,67,0,1,1,1,1,0,1.6667,1
2,1,197,3.0877,3.0877,4,1,13400000,1,1,0,0,0,0,24,0,0,0,0,0,0,0,0,0,1,394,0,0,0,1,0,0,2.0,1
2,1,317,3.8493,4.8329,18,3,9400000,3,1,0,0,0,0,8,0,0,0,1,0,0,0,0,0,0,783,0,1,1,1,0,0,1.5,1
3,1,198,1.0849,7.937,10,6,15324624,3,0,0,0,0,1,8,0,0,0,1,0,0,0,0,0,0,595,1,1,1,1,0,0,2.5,1
2,1,112,0.4192,3.674,24,3,16000000,4,1,0,0,0,0,34,0,1,0,0,0,0,0,0,0,0,267,0,0,1,1,1,0,5.6667,1
16,0,178,3.9205,6.7342,3,3,44000000,0,0,0,0,0,1,16,0,0,0,0,0,0,0,0,0,1,499,1,0,0,1,1,0,2.3333,1
25,0,86,1.811,2.4548,2,2,1175000,1,0,0,0,0,1,30,1,0,0,0,0,0,0,0,0,0,88,1,0,0,0,0,0,1.0,0
2,1,95,6.8329,10.2712,22,2,9000000,1,1,0,0,0,0,20,0,0,0,0,0,0,0,0,0,1,225,0,0,0,0,0,0,4.0,1
2,1,321,0.3288,5.3726,9,3,35150000,1,1,0,0,0,0,34,0,1,0,0,0,0,0,0,0,0,167,0,0,1,1,1,0,3.0,1
12,1,323,1.3288,5.6712,4,3,12000000,2,0,0,1,0,0,30,1,0,0,0,0,0,0,0,0,0,597,1,0,1,1,0,0,2.6667,1
2,1,213,6.1342,6.1342,5,1,8000000,1,1,0,0,0,0,27,0,0,0,0,0,0,0,0,0,1,247,0,0,0,1,0,0,2.0,1
2,1,231,2.0959,2.0959,6,1,4100000,3,1,0,0,0,0,0,0,0,0,0,1,0,0,0,0,0,105,0,0,1,0,0,0,2.0,1
9,0,176,1.9562,3.5123,1,2,2408500,1,0,0,0,0,1,29,0,0,0,0,0,0,0,0,0,1,846,0,1,0,0,0,0,3.0,1
2,0,237,2.1644,5.8493,3,4,72000000,1,1,0,0,0,0,22,0,0,0,0,0,0,0,0,0,1,473,0,0,1,1,1,0,2.25,1
16,0,7,1.0,2.0,2,2,18400000,1,0,0,0,0,1,8,0,0,0,1,0,0,0,0,0,0,515,1,0,0,0,0,0,1.0,0
18,0,56,8.0219,14.9726,4,7,162264126,1,0,0,0,0,1,3,0,0,0,0,0,0,0,1,0,0,346,1,0,0,1,1,1,6.75,1
12,1,385,7.4575,7.4575,7,1,29000000,1,0,0,1,0,0,3,0,0,0,0,0,0,0,1,0,0,657,1,0,0,0,0,0,7.0,1
31,0,409,5.4247,5.4247,0,1,8700000,0,0,0,0,0,1,20,0,0,0,0,0,0,0,0,0,1,730,0,0,1,0,0,0,2.0,1
12,1,564,4.6877,4.6877,12,1,10000000,2,0,0,1,0,0,18,0,0,1,0,0,0,0,0,0,0,831,0,0,0,0,1,0,7.0,1
12,1,166,0.9178,2.6329,5,2,15000000,2,0,0,1,0,0,30,1,0,0,0,0,0,0,0,0,0,262,0,0,1,1,0,0,2.0,1
2,0,522,0.6685,0.6685,2,1,2600000,1,1,0,0,0,0,26,0,0,0,0,0,0,0,0,0,1,479,0,0,0,0,0,0,1.0,0
2,1,323,1.3151,1.3151,30,1,15000000,3,1,0,0,0,0,34,0,1,0,0,0,0,0,0,0,0,92,0,0,1,0,0,0,1.0,1
22,1,431,0.0822,1.8164,7,3,4000000,2,0,1,0,0,0,34,0,1,0,0,0,0,0,0,0,0,1,0,1,1,0,0,0,2.0,1
2,1,164,0.9151,5.5452,9,2,73000000,1,1,0,0,0,0,3,0,0,0,0,0,0,0,1,0,0,626,1,0,0,1,0,0,3.0,1
22,1,404,0.3233,1.0986,5,4,12123837,3,0,1,0,0,0,7,0,0,0,0,0,0,0,0,0,1,837,0,1,1,0,0,0,4.6667,1
31,1,111,0.9178,2.4877,18,3,22400000,3,0,0,0,0,1,18,0,0,1,0,0,0,0,0,0,0,57,1,0,1,1,0,0,3.3333,1
2,1,291,1.2849,2.0082,12,2,5700000,3,1,0,0,0,0,8,0,0,0,1,0,0,0,0,0,0,466,0,0,1,1,0,0,4.0,1
2,0,446,4.5452,7.8603,2,2,28500000,0,1,0,0,0,0,3,0,0,0,0,0,0,0,1,0,0,483,1,0,0,1,0,0,4.5,1
12,1,165,0.9151,2.0712,9,2,21000000,1,0,0,1,0,0,30,1,0,0,0,0,0,0,0,0,0,228,0,0,1,1,0,0,2.5,1
18,0,131,21.8959,21.8959,1,1,8000000,1,0,0,0,0,1,30,1,0,0,0,0,0,0,0,0,0,599,1,0,0,0,0,0,2.0,0
2,0,248,0.2055,0.2055,1,1,1500000,1,1,0,0,0,0,11,0,0,0,0,0,1,0,0,0,0,760,0,0,1,0,0,0,1.0,1
12,1,324,0.5808,2.4603,17,3,28300000,4,0,0,1,0,0,0,0,0,0,0,1,0,0,0,0,0,774,0,0,1,1,1,0,1.6667,1
2,1,221,2.1452,4.9726,4,5,7939553,2,1,0,0,0,0,34,0,1,0,0,0,0,0,0,0,0,417,1,0,0,1,0,0,2.0,1
2,0,114,0.8329,0.8329,3,1,545000,0,1,0,0,0,0,24,0,0,0,0,0,0,0,0,0,1,492,0,1,0,0,0,0,2.0,1
12,1,551,4.7452,8.9562,10,3,15247925,1,0,0,1,0,0,28,0,0,0,0,0,0,0,0,0,1,493,0,0,0,0,1,1,1.5,1
22,1,284,0.2466,2.5589,11,3,12800000,2,0,1,0,0,0,11,0,0,0,0,0,1,0,0,0,0,859,0,1,1,1,0,0,1.5,1
9,0,261,1.063,2.4822,1,2,950000,2,0,0,0,0,1,18,0,0,1,0,0,0,0,0,0,0,631,1,0,1,0,0,0,3.0,1
12,1,161,2.9178,4.9205,6,2,16000000,5,0,0,1,0,0,34,0,1,0,0,0,0,0,0,0,0,234,0,0,1,1,0,0,1.0,1
2,1,6,6.0055,6.0055,2,1,10000000,1,1,0,0,0,0,28,0,0,0,0,0,0,0,0,0,1,188,0,0,0,0,1,0,1.0,1
22,1,69,0.7781,0.7781,5,1,1500000,3,0,1,0,0,0,9,0,0,0,0,0,0,0,0,0,1,811,0,0,0,0,0,0,1.0,0
2,0,149,5.8438,6.9452,6,2,13000000,2,1,0,0,0,0,12,0,0,0,0,0,0,0,0,0,1,545,1,0,0,0,1,0,2.0,1
22,1,499,2.6411,2.6411,6,1,10000000,2,0,1,0,0,0,12,0,0,0,0,0,0,0,0,0,1,698,1,0,0,0,0,0,6.0,1
22,1,31,2.0521,2.9973,9,2,3915000,2,0,1,0,0,0,0,0,0,0,0,1,0,0,0,0,0,15,1,0,1,0,0,0,3.0,1
22,1,476,0.0,1.5041,7,2,1400000,2,0,1,0,0,0,33,0,0,0,0,0,0,0,0,0,1,710,0,1,1,0,0,0,6.0,1
9,0,479,0.0,0.6904,6,2,650000,2,0,0,0,0,1,6,0,0,0,0,0,0,1,0,0,0,257,1,1,0,0,0,0,1.0,1
28,0,371,0.4137,3.2438,5,3,9700000,4,0,0,0,1,0,11,0,0,0,0,0,1,0,0,0,0,335,1,0,1,0,0,0,1.0,1
2,1,239,3.1644,3.1644,6,1,15000000,1,1,0,0,0,0,30,1,0,0,0,0,0,0,0,0,0,76,0,0,0,0,0,1,3.0,1
2,1,64,3.7753,10.2548,18,4,38764000,3,1,0,0,0,0,8,0,0,0,1,0,0,0,0,0,0,237,1,0,1,1,0,0,2.0,1
2,0,239,0.3288,6.4192,6,8,211403000,2,1,0,0,0,0,4,0,0,0,0,0,0,0,0,0,1,44,1,0,1,1,1,0,2.7143,1
2,1,399,2.4767,2.6438,8,2,20750000,3,1,0,0,0,0,8,0,0,0,1,0,0,0,0,0,0,671,0,0,1,1,0,0,2.0,1
2,1,512,1.2493,1.8849,4,2,1020000,2,1,0,0,0,0,29,0,0,0,0,0,0,0,0,0,1,821,0,1,1,0,0,0,2.5,1
28,0,420,0.4301,0.4301,6,1,13000000,1,0,0,0,1,0,30,1,0,0,0,0,0,0,0,0,0,491,0,0,1,0,0,0,4.0,1
22,1,8,0.1671,3.9178,8,2,14700000,2,0,1,0,0,0,30,1,0,0,0,0,0,0,0,0,0,273,0,1,1,0,0,0,4.0,1
2,1,239,1.1616,4.1644,19,4,33000000,4,1,0,0,0,0,18,0,0,1,0,0,0,0,0,0,0,743,0,0,1,1,1,1,1.3333,1
2,1,399,5.4767,5.4767,5,1,30000000,0,1,0,0,0,0,16,0,0,0,0,0,0,0,0,0,1,661,0,0,0,0,1,0,6.0,1
28,0,111,0.2384,3.7644,10,4,33000000,3,0,0,0,1,0,30,1,0,0,0,0,0,0,0,0,0,173,0,0,1,1,1,0,4.0,1
5,0,386,-0.5014,-0.5014,1,1,150000,0,0,0,0,0,1,29,0,0,0,0,0,0,0,0,0,1,96,0,1,0,0,0,0,1.0,0
12,0,327,0.1671,0.1671,3,1,20000,1,0,0,1,0,0,0,0,0,0,0,1,0,0,0,0,0,717,0,1,0,0,0,0,1.0,0
2,0,101,3.7589,5.0685,2,3,30926154,0,1,0,0,0,0,16,0,0,0,0,0,0,0,0,0,1,69,0,0,0,1,0,0,3.0,1
2,0,377,0.8164,0.8164,0,1,2000000,0,1,0,0,0,0,0,0,0,0,0,1,0,0,0,0,0,104,0,0,0,0,0,0,1.0,0
12,0,443,4.5397,9.337,2,2,19000000,1,0,0,1,0,0,30,1,0,0,0,0,0,0,0,0,0,567,1,0,0,1,0,0,3.5,1
2,0,20,3.0356,6.7534,2,3,33000000,1,1,0,0,0,0,0,0,0,0,0,1,0,0,0,0,0,150,0,0,1,1,1,0,4.0,1
7,1,330,4.3562,6.3151,1,3,15650000,1,0,0,0,0,1,4,0,0,0,0,0,0,0,0,0,1,325,1,0,0,0,0,0,1.3333,1
2,1,284,6.3342,7.5342,8,3,17400000,3,1,0,0,0,0,34,0,1,0,0,0,0,0,0,0,0,828,0,0,1,1,0,0,2.3333,1
2,0,478,0.8329,0.8329,5,1,154000,2,1,0,0,0,0,25,0,0,0,0,0,0,0,0,0,1,838,0,1,0,0,0,0,1.0,0
2,0,82,4.8082,4.8082,4,1,35000000,2,1,0,0,0,0,34,0,1,0,0,0,0,0,0,0,0,588,0,0,0,0,0,1,3.0,1
30,0,475,0.5836,4.4301,5,4,7516703,3,0,0,0,0,1,18,0,0,1,0,0,0,0,0,0,0,51,1,1,0,0,0,0,1.0,0
28,0,490,2.6247,2.6247,1,1,48000000,3,0,0,0,1,0,4,0,0,0,0,0,0,0,0,0,1,702,1,0,0,0,0,0,5.0,1
2,1,391,5.4219,8.3014,6,3,65800000,1,1,0,0,0,0,20,0,0,0,0,0,0,0,0,0,1,156,1,0,0,0,0,1,4.6667,1
20,0,315,0.6767,0.789,2,2,125000,1,0,0,0,0,1,1,0,0,0,0,0,0,0,0,0,1,204,0,1,0,0,0,0,1.0,0
30,1,371,0.5808,0.5808,5,1,750000,3,0,0,0,0,1,26,0,0,0,0,0,0,0,0,0,1,148,0,1,0,0,0,0,2.0,1
7,1,377,2.4384,2.4384,10,1,17000000,2,0,0,0,0,1,8,0,0,0,1,0,0,0,0,0,0,836,1,0,0,0,0,0,5.0,1
2,0,556,10.4247,13.0877,4,3,4087500,3,1,0,0,0,0,8,0,0,0,1,0,0,0,0,0,0,486,1,1,0,0,0,0,1.0,0
2,0,125,10.8795,10.8795,3,1,1000000,1,1,0,0,0,0,12,0,0,0,0,0,0,0,0,0,1,525,0,0,1,0,0,0,2.0,1
28,1,7,-0.1041,6.3644,13,5,23500000,3,0,0,0,1,0,13,0,0,0,0,0,0,0,0,0,1,683,1,0,1,1,1,0,1.75,1
2,0,508,0.0,0.0,2,1,990000,0,1,0,0,0,0,34,0,1,0,0,0,0,0,0,0,0,288,0,0,1,0,0,0,2.0,0
1,1,8,0.7534,0.7534,13,1,1000000,2,0,0,0,0,1,0,0,0,0,0,1,0,0,0,0,0,23,0,0,1,0,0,0,3.0,1
12,1,520,0.6658,5.1315,15,4,41000000,2,0,0,1,0,0,13,0,0,0,0,0,0,0,0,0,1,879,1,0,1,1,1,0,1.75,1
24,0,336,0.3699,0.3699,3,1,7000000,0,0,0,0,0,1,28,0,0,0,0,0,0,0,0,0,1,313,0,0,1,0,0,0,1.0,1
12,1,96,0.8301,2.0767,4,2,55000000,1,0,0,1,0,0,3,0,0,0,0,0,0,0,1,0,0,348,0,0,1,1,0,0,2.0,1
2,1,408,3.7452,4.9671,10,2,69000000,2,1,0,0,0,0,30,1,0,0,0,0,0,0,0,0,0,635,0,0,1,1,0,0,3.5,1
2,1,324,1.3288,7.0795,25,8,129677153,3,1,0,0,0,0,8,0,0,0,1,0,0,0,0,0,0,137,1,0,1,1,1,1,3.0,1
2,1,461,2.5041,7.2521,4,6,232000100,0,1,0,0,0,0,3,0,0,0,0,0,0,0,1,0,0,352,0,0,1,0,1,1,3.6667,1
2,1,523,0.0849,1.5863,5,2,5700000,3,1,0,0,0,0,8,0,0,0,1,0,0,0,0,0,0,399,0,1,1,0,0,0,4.0,1
12,1,496,5.6384,5.6384,3,1,10500000,1,0,0,1,0,0,27,0,0,0,0,0,0,0,0,0,1,282,0,0,0,0,0,1,4.0,1
22,0,540,1.9699,3.9205,2,2,23000000,0,0,1,0,0,0,6,0,0,0,0,0,0,1,0,0,0,125,1,0,0,0,0,0,3.0,1
31,1,198,5.4329,9.4959,13,3,14000000,0,0,0,0,0,1,23,0,0,0,0,0,0,0,0,0,1,143,0,0,1,1,0,0,3.0,1
2,1,501,1.6466,1.6466,4,2,7500000,0,1,0,0,0,0,30,1,0,0,0,0,0,0,0,0,0,742,0,1,1,0,0,0,2.0,1
31,0,91,0.1589,2.4274,1,2,9000000,2,0,0,0,0,1,6,0,0,0,0,0,0,1,0,0,0,258,1,0,1,0,0,0,1.0,1
25,0,107,0.7644,0.7644,3,1,500000,0,0,0,0,0,1,11,0,0,0,0,0,1,0,0,0,0,409,1,0,0,0,0,0,1.0,1
2,1,38,0.0356,0.726,4,2,70000,2,1,0,0,0,0,21,0,0,0,0,0,0,0,0,0,1,106,0,1,0,0,0,0,1.0,1
2,0,324,0.5808,1.6548,3,2,850000,0,1,0,0,0,0,6,0,0,0,0,0,0,1,0,0,0,874,0,1,1,0,0,0,1.0,1
2,1,128,3.8767,3.8767,9,1,15000000,2,1,0,0,0,0,8,0,0,0,1,0,0,0,0,0,0,777,1,0,0,0,0,0,1.0,1
2,1,137,4.8877,4.8877,8,1,10571182,1,1,0,0,0,0,4,0,0,0,0,0,0,0,0,0,1,805,0,0,1,0,0,0,1.0,0
2,0,477,0.5808,0.5808,13,1,500000,0,1,0,0,0,0,25,0,0,0,0,0,0,0,0,0,1,782,0,1,0,0,0,0,1.0,0
2,1,352,0.9233,4.7425,12,7,24900000,3,1,0,0,0,0,19,0,0,0,0,0,0,0,0,0,1,316,1,1,1,0,0,0,3.0,1
2,0,416,1.7616,2.326,12,2,3529175,3,1,0,0,0,0,34,0,1,0,0,0,0,0,0,0,0,793,1,0,1,0,0,0,1.0,0
22,1,241,0.0,4.6164,15,4,23400000,3,0,1,0,0,0,33,0,0,0,0,0,0,0,0,0,1,341,0,0,1,1,1,0,2.25,1
2,1,346,7.4027,7.4027,15,1,8800000,3,1,0,0,0,0,27,0,0,0,0,0,0,0,0,0,1,26,0,0,0,0,0,1,5.0,1
22,0,202,0.0,0.0,2,1,1500000,1,0,1,0,0,0,9,0,0,0,0,0,0,0,0,0,1,800,0,0,0,0,0,0,6.0,1
2,0,160,4.8603,9.4247,3,7,74000000,0,1,0,0,0,0,28,0,0,0,0,0,0,0,0,0,1,884,1,0,0,0,1,1,2.0,1
24,1,367,1.4164,2.0,3,3,8800000,2,0,0,0,0,1,20,0,0,0,0,0,0,0,0,0,1,326,0,0,1,1,0,0,1.0,0
2,1,471,2.5808,4.6082,3,2,7100000,3,1,0,0,0,0,34,0,1,0,0,0,0,0,0,0,0,681,0,1,1,0,0,0,1.5,1
12,1,521,1.3315,2.9973,8,3,3500000,6,0,0,1,0,0,6,0,0,0,0,0,0,1,0,0,0,38,1,1,1,0,0,0,1.6667,1
2,1,407,1.589,1.589,6,1,3000000,2,1,0,0,0,0,30,1,0,0,0,0,0,0,0,0,0,843,0,0,1,0,0,0,2.0,1
22,0,295,0.1288,0.274,5,2,11000,1,0,1,0,0,0,34,0,1,0,0,0,0,0,0,0,0,841,0,1,0,0,0,0,1.0,0
2,1,447,6.5452,8.6,4,3,26200000,1,1,0,0,0,0,28,0,0,0,0,0,0,0,0,0,1,201,1,0,0,0,1,0,2.5,1
2,1,314,1.3259999999999998,2.7096,6,2,29000000,3,1,0,0,0,0,30,1,0,0,0,0,0,0,0,0,0,489,0,0,0,1,1,0,2.5,1
2,0,148,4.8438,4.8438,2,1,10000000,0,1,0,0,0,0,30,1,0,0,0,0,0,0,0,0,0,422,0,0,0,1,0,0,2.0,0
2,0,482,0.8521,0.8521,3,1,500000,3,1,0,0,0,0,34,0,1,0,0,0,0,0,0,0,0,735,0,1,0,0,0,0,3.0,1
2,1,200,0.0849,1.8384,3,3,11500000,3,1,0,0,0,0,8,0,0,0,1,0,0,0,0,0,0,299,0,1,1,1,0,0,1.5,1
28,1,533,1.1699,3.8932,8,5,5350000,3,0,0,0,1,0,8,0,0,0,1,0,0,0,0,0,0,293,0,1,1,0,0,0,3.0,1
2,0,78,0.6658,3.989,27,3,11015719,4,1,0,0,0,0,18,0,0,1,0,0,0,0,0,0,0,41,1,0,1,0,0,0,2.0,1
2,1,10,-0.4959,0.6301,8,2,2535000,2,1,0,0,0,0,34,0,1,0,0,0,0,0,0,0,0,675,0,1,1,0,0,0,5.0,1
28,1,390,5.4658,8.9534,4,3,19000000,2,0,0,0,1,0,8,0,0,0,1,0,0,0,0,0,0,307,1,0,0,1,1,0,5.3333,1
2,1,202,0.0,2.7644,4,3,475000,1,1,0,0,0,0,33,0,0,0,0,0,0,0,0,0,1,662,0,1,0,0,0,0,4.0,0
22,1,105,5.7671,7.862999999999999,16,2,36000000,1,0,1,0,0,0,11,0,0,0,0,0,1,0,0,0,0,126,1,0,0,1,0,0,1.0,1
2,1,252,3.1671,3.1671,4,1,12000000,0,1,0,0,0,0,11,0,0,0,0,0,1,0,0,0,0,727,0,0,0,0,1,0,5.0,1
2,1,347,0.4,3.7589,15,4,122000000,1,1,0,0,0,0,3,0,0,0,0,0,0,0,1,0,0,337,0,0,1,1,1,1,2.5,1
22,1,412,0.0795,0.0795,8,1,1750000,2,0,1,0,0,0,21,0,0,0,0,0,0,0,0,0,1,170,0,0,0,0,0,0,5.0,1
22,1,243,0.5562,0.5562,3,1,130000,2,0,1,0,0,0,34,0,1,0,0,0,0,0,0,0,0,583,0,1,0,0,0,0,1.0,0
23,0,152,7.9178,10.9041,4,3,13222860,0,0,0,0,0,1,22,0,0,0,0,0,0,0,0,0,1,503,1,0,0,0,0,0,3.0,1
10,0,213,4.1315,6.1507,10,2,2192000,3,0,0,0,0,1,24,0,0,0,0,0,0,0,0,0,1,50,1,0,0,1,0,0,3.0,0
12,1,221,5.1452,5.1452,4,1,2000000,1,0,0,1,0,0,34,0,1,0,0,0,0,0,0,0,0,571,1,0,0,0,0,0,1.0,1
2,1,58,3.0219,4.9589,11,2,9400000,2,1,0,0,0,0,1,0,0,0,0,0,0,0,0,0,1,116,0,0,1,0,0,0,2.0,1
2,1,354,5.3452,7.2274,2,4,13045000,0,1,0,0,0,0,28,0,0,0,0,0,0,0,0,0,1,205,0,0,1,1,0,0,2.0,1
2,1,273,0.1753,4.0986,8,4,10000000,3,1,0,0,0,0,34,0,1,0,0,0,0,0,0,0,0,197,0,0,1,1,1,0,1.25,1
2,1,413,1.4247,1.4247,7,1,6000000,1,1,0,0,0,0,0,0,0,0,0,1,0,0,0,0,0,772,0,0,0,1,0,0,2.0,1
25,0,8,2.0,3.5562,3,2,2100000,1,0,0,0,0,1,18,0,0,1,0,0,0,0,0,0,0,804,1,1,0,0,0,0,2.0,0
31,1,349,0.4192,0.8877,3,2,3250000,3,0,0,0,0,1,33,0,0,0,0,0,0,0,0,0,1,630,1,0,1,0,0,0,1.0,1
2,0,456,6.5726,7.1562,1,3,148000000,0,1,0,0,0,0,12,0,0,0,0,0,0,0,0,0,1,238,1,0,0,1,0,0,3.5,1
2,1,162,3.9178,9.3014,10,2,24500000,1,1,0,0,0,0,12,0,0,0,0,0,0,0,0,0,1,221,1,0,1,0,0,0,2.0,1
29,0,286,-0.0192,0.8959,4,2,72000,1,0,0,0,0,1,8,0,0,0,1,0,0,0,0,0,0,638,0,1,0,0,0,0,1.0,0
2,0,516,6.6027,6.6027,3,1,10360000,1,1,0,0,0,0,22,0,0,0,0,0,0,0,0,0,1,573,0,0,0,0,1,0,5.0,1
22,1,442,0.0192,1.5699,12,3,1310000,2,0,1,0,0,0,30,1,0,0,0,0,0,0,0,0,0,2,0,1,0,0,0,0,6.0,1
22,0,10,-0.1151,-0.1151,1,1,150000,1,0,1,0,0,0,11,0,0,0,0,0,1,0,0,0,0,642,0,1,0,0,0,0,1.0,0
2,1,198,3.0877,9.3178,5,3,64000000,2,1,0,0,0,0,28,0,0,0,0,0,0,0,0,0,1,406,1,0,0,1,1,0,3.3333,1
23,0,327,0.0,0.0,2,1,250000,1,0,0,0,0,1,6,0,0,0,0,0,0,1,0,0,0,731,0,1,0,0,0,0,1.0,0
2,1,62,-0.2521,2.0877,6,3,1830000,1,1,0,0,0,0,13,0,0,0,0,0,0,0,0,0,1,84,0,1,1,0,0,0,2.0,0
24,1,11,0.4192,1.0247,10,2,9800000,4,0,0,0,0,1,8,0,0,0,1,0,0,0,0,0,0,707,0,0,1,1,0,0,4.5,1
2,1,240,1.8247,1.8247,15,1,2300000,3,1,0,0,0,0,34,0,1,0,0,0,0,0,0,0,0,274,0,0,1,0,0,0,1.0,0
31,0,474,2.4192,3.0904,3,2,1310000,4,0,0,0,0,1,34,0,1,0,0,0,0,0,0,0,0,601,0,1,0,0,0,0,1.0,0
2,0,324,0.0822,0.8384,4,2,4500000,5,1,0,0,0,0,11,0,0,0,0,0,1,0,0,0,0,614,0,1,0,1,0,0,5.5,1
2,1,228,2.1616,5.7315,5,3,22000000,1,1,0,0,0,0,30,1,0,0,0,0,0,0,0,0,0,37,0,0,1,1,1,0,2.6667,1
2,1,521,0.6658,2.0795,23,3,10000000,3,1,0,0,0,0,0,0,0,0,0,1,0,0,0,0,0,818,0,1,1,1,0,0,2.6667,1
22,1,33,0.8904,2.2521,21,4,36500000,3,0,1,0,0,0,6,0,0,0,0,0,0,1,0,0,0,512,0,0,1,1,1,0,1.5,1
3,1,238,1.7507,9.9589,35,7,33672656,3,0,0,0,0,1,34,0,1,0,0,0,0,0,0,0,0,812,1,0,1,1,0,0,2.0,1
2,1,120,0.8603,2.926,4,3,19000000,1,1,0,0,0,0,8,0,0,0,1,0,0,0,0,0,0,485,0,0,1,1,0,0,2.0,1
2,1,393,3.4685,3.4685,3,1,30000000,1,1,0,0,0,0,28,0,0,0,0,0,0,0,0,0,1,287,0,0,0,1,0,0,4.0,1
2,1,118,5.8658,9.9644,7,6,53818873,1,1,0,0,0,0,12,0,0,0,0,0,0,0,0,0,1,179,1,0,0,0,1,0,4.25,1
2,0,61,2.6658,2.6658,6,1,5500000,0,1,0,0,0,0,34,0,1,0,0,0,0,0,0,0,0,457,0,0,1,0,0,0,1.0,1
31,1,146,1.9973,1.9973,3,1,6000000,2,0,0,0,0,1,20,0,0,0,0,0,0,0,0,0,1,864,0,0,1,0,0,0,1.0,1
2,0,427,1.4959,1.6658,2,2,30150000,3,1,0,0,0,0,0,0,0,0,0,1,0,0,0,0,0,86,0,0,1,1,0,0,1.5,1
2,1,72,3.7863,5.5123,11,2,83000000,0,1,0,0,0,0,3,0,0,0,0,0,0,0,1,0,0,435,1,0,0,0,0,0,1.0,0
22,0,7,1.0,2.7096,1,2,12000000,0,0,1,0,0,0,11,0,0,0,0,0,1,0,0,0,0,136,0,0,1,1,0,0,1.0,0
2,1,241,0.1644,1.4986,6,2,3500000,2,1,0,0,0,0,30,1,0,0,0,0,0,0,0,0,0,768,0,1,1,0,0,0,1.0,0
2,1,420,1.4301,1.4301,5,1,4000000,3,1,0,0,0,0,30,1,0,0,0,0,0,0,0,0,0,789,0,0,1,0,0,0,4.0,1
2,0,386,2.4521,3.6027,9,2,4000000,0,1,0,0,0,0,15,0,0,0,0,0,0,0,0,0,1,839,0,0,1,0,0,0,1.0,1
2,1,88,5.8274,7.7151,11,2,25000000,1,1,0,0,0,0,30,1,0,0,0,0,0,0,0,0,0,196,1,0,0,0,0,0,4.5,1
22,1,372,0.8356,3.7616,5,3,1420698,1,0,1,0,0,0,18,0,0,1,0,0,0,0,0,0,0,814,1,1,0,0,0,0,2.0,1
2,1,337,1.6219,5.3315,5,2,10000000,1,1,0,0,0,0,28,0,0,0,0,0,0,0,0,0,1,368,1,0,1,0,0,0,3.0,1
2,1,241,1.1644,4.7973,18,3,67000000,5,1,0,0,0,0,32,0,0,0,0,0,0,0,0,0,1,453,0,0,1,1,1,0,2.6667,1
2,1,110,0.337,5.2301,13,4,53000000,3,1,0,0,0,0,1,0,0,0,0,0,0,0,0,0,1,714,0,1,1,1,1,0,4.5,1
2,0,77,0.4658,1.2247,5,2,300000,2,1,0,0,0,0,11,0,0,0,0,0,1,0,0,0,0,737,0,1,0,1,0,0,2.0,1
2,1,521,5.6685,8.5014,4,3,1400000,2,1,0,0,0,0,30,1,0,0,0,0,0,0,0,0,0,264,0,1,0,0,0,0,1.0,0
2,1,164,2.9178,4.2548,4,2,6500000,3,1,0,0,0,0,34,0,1,0,0,0,0,0,0,0,0,509,0,0,1,0,0,0,7.0,1
2,1,206,1.2795,1.2795,8,1,5000000,3,1,0,0,0,0,4,0,0,0,0,0,0,0,0,0,1,68,0,0,1,0,0,0,1.0,1
31,1,196,2.9342,5.5342,6,2,9600000,2,0,0,0,0,1,8,0,0,0,1,0,0,0,0,0,0,736,0,0,1,0,0,0,3.0,1
31,1,320,0.2466,7.4164,9,5,58200000,3,0,0,0,0,1,18,0,0,1,0,0,0,0,0,0,0,340,0,0,1,1,1,1,1.4,1
12,1,164,0.9151,3.7479,14,3,28000000,2,0,0,1,0,0,20,0,0,0,0,0,0,0,0,0,1,77,0,0,1,1,1,0,2.6667,1
28,1,556,4.7479,5.2301,10,2,30000000,3,0,0,0,1,0,20,0,0,0,0,0,0,0,0,0,1,363,1,0,0,0,0,0,1.0,0
2,1,8,1.0,2.1644,10,2,3500000,2,1,0,0,0,0,11,0,0,0,0,0,1,0,0,0,0,477,0,1,1,0,0,0,2.0,0
12,0,200,0.0849,0.0849,7,1,16700000,2,0,0,1,0,0,34,0,1,0,0,0,0,0,0,0,0,331,0,0,1,0,0,0,4.0,0
1,0,219,11.1452,11.1452,0,1,18000000,0,0,0,0,0,1,28,0,0,0,0,0,0,0,0,0,1,563,0,0,0,1,0,0,7.0,1
2,1,441,7.537000000000001,7.537000000000001,6,1,15000000,1,1,0,0,0,0,16,0,0,0,0,0,0,0,0,0,1,678,0,0,0,0,0,1,6.0,1
2,0,165,3.9178,3.9178,2,2,12000000,0,1,0,0,0,0,12,0,0,0,0,0,0,0,0,0,1,209,0,0,1,1,0,0,4.0,1
23,0,11,1.2849,1.2849,1,1,15000,1,0,0,0,0,1,6,0,0,0,0,0,0,1,0,0,0,107,0,1,0,0,0,0,1.0,0
31,1,280,1.3096,1.3096,11,1,200000,3,0,0,0,0,1,21,0,0,0,0,0,0,0,0,0,1,518,1,0,0,0,0,0,1.0,0
2,0,14,4.0274,4.0274,0,1,15000000,0,1,0,0,0,0,28,0,0,0,0,0,0,0,0,0,1,569,0,0,0,0,1,0,1.0,0
2,1,566,-0.0822,1.2301,4,2,1400000,2,1,0,0,0,0,8,0,0,0,1,0,0,0,0,0,0,554,0,1,0,0,0,0,3.0,0
22,0,217,-0.8658,6.1233,5,4,11400000,1,0,1,0,0,0,8,0,0,0,1,0,0,0,0,0,0,385,1,0,0,1,0,0,3.0,1
2,1,94,0.7562,4.4137,14,4,34250000,2,1,0,0,0,0,4,0,0,0,0,0,0,0,0,0,1,398,1,0,1,1,1,0,2.25,1
28,1,8,0.0,2.7205,4,4,3800000,4,0,0,0,1,0,17,0,0,0,0,0,0,0,0,0,1,724,0,1,1,0,0,0,4.75,1
2,1,383,4.4521,6.1151,3,2,10100000,1,1,0,0,0,0,30,1,0,0,0,0,0,0,0,0,0,226,1,0,0,0,1,0,3.0,1
2,0,46,4.0795,4.0795,0,1,4000000,0,1,0,0,0,0,30,1,0,0,0,0,0,0,0,0,0,609,0,0,0,1,0,0,6.0,1
2,1,176,1.9562,1.9562,11,1,3011408,3,1,0,0,0,0,30,1,0,0,0,0,0,0,0,0,0,300,0,0,0,1,0,0,1.0,1
2,0,544,9.7315,9.7315,2,1,8000000,1,1,0,0,0,0,30,1,0,0,0,0,0,0,0,0,0,587,1,0,0,0,0,0,3.0,1
2,1,430,0.0,2.8795,15,2,12700000,1,1,0,0,0,0,1,0,0,0,0,0,0,0,0,0,1,256,0,0,1,0,0,0,1.5,1
2,0,521,0.0,0.0,5,1,300000,4,1,0,0,0,0,24,0,0,0,0,0,0,0,0,0,1,762,0,1,0,0,0,0,2.0,0
2,1,232,0.0,0.0,21,1,5675000,2,1,0,0,0,0,34,0,1,0,0,0,0,0,0,0,0,523,1,0,0,0,0,0,4.0,1
2,1,526,4.0877,4.0877,13,1,1000000,2,1,0,0,0,0,0,0,0,0,0,1,0,0,0,0,0,278,0,1,0,0,0,0,5.0,1
6,0,522,0.0,0.0,2,1,125000,0,0,0,0,0,1,8,0,0,0,1,0,0,0,0,0,0,100,0,1,0,0,0,0,1.0,0
4,0,260,0.2247,0.9534,2,2,700000,2,0,0,0,0,1,34,0,1,0,0,0,0,0,0,0,0,605,0,1,0,0,0,0,2.5,0
31,1,115,0.2521,0.6438,6,2,532000,2,0,0,0,0,1,8,0,0,0,1,0,0,0,0,0,0,755,0,1,0,0,0,0,5.0,1
2,1,60,0.2137,2.2137,8,2,8500000,3,1,0,0,0,0,34,0,1,0,0,0,0,0,0,0,0,30,0,0,1,1,0,0,1.0,1
31,1,456,3.5699,3.5699,2,1,9400000,3,0,0,0,0,1,20,0,0,0,0,0,0,0,0,0,1,408,0,0,0,1,0,0,1.0,1
26,0,9,-1.0,2.2493,3,2,350000,1,0,0,0,0,1,18,0,0,1,0,0,0,0,0,0,0,109,0,1,0,0,0,0,1.0,1
22,1,371,1.1671,3.2110000000000003,16,2,12300000,3,0,1,0,0,0,8,0,0,0,1,0,0,0,0,0,0,798,0,0,0,1,1,0,1.5,1
12,1,462,1.5753,5.9589,6,5,25413298,1,0,0,1,0,0,20,0,0,0,0,0,0,0,0,0,1,526,1,0,1,1,0,0,3.0,1
2,1,106,0.4329,1.126,23,2,9800000,2,1,0,0,0,0,21,0,0,0,0,0,0,0,0,0,1,840,0,1,1,0,0,0,4.5,1
2,0,10,-0.3288,0.337,5,2,1015000,2,1,0,0,0,0,11,0,0,0,0,0,1,0,0,0,0,665,0,1,0,0,0,0,5.0,1
3,1,9,0.0,3.4712,4,5,10000003,2,0,0,0,0,1,8,0,0,0,1,0,0,0,0,0,0,761,1,0,1,1,0,0,1.5,1
9,1,247,0.7699,2.8548,3,2,1750000,2,0,0,0,0,1,33,0,0,0,0,0,0,0,0,0,1,8,1,1,0,0,0,0,1.0,1
2,1,481,0.9397,0.9397,4,1,100000,2,1,0,0,0,0,17,0,0,0,0,0,0,0,0,0,1,505,0,1,0,0,0,0,3.0,1
2,1,190,1.926,1.926,1,1,12000000,2,1,0,0,0,0,30,1,0,0,0,0,0,0,0,0,0,235,1,0,0,0,0,0,2.0,1
2,0,475,0.6685,0.6685,7,1,50000,2,1,0,0,0,0,0,0,0,0,0,1,0,0,0,0,0,35,0,1,0,0,0,0,3.0,0
2,0,463,2.5808,2.5808,4,1,20000000,2,1,0,0,0,0,30,1,0,0,0,0,0,0,0,0,0,153,0,0,0,1,0,0,4.0,1
28,1,177,2.9671,3.7151,16,2,42500000,3,0,0,0,1,0,24,0,0,0,0,0,0,0,0,0,1,484,0,0,0,0,1,1,5.5,1
2,1,6,0.0,2.3479,7,3,22487000,2,1,0,0,0,0,28,0,0,0,0,0,0,0,0,0,1,412,1,0,0,1,1,0,2.3333,1
2,1,440,2.5342,2.5342,3,1,7800000,2,1,0,0,0,0,30,1,0,0,0,0,0,0,0,0,0,379,1,0,0,0,0,0,2.0,1
20,1,183,3.9726,10.2493,8,4,59000000,1,0,0,0,0,1,28,0,0,0,0,0,0,0,0,0,1,347,0,0,0,1,1,0,6.0,1
8,0,203,2.337,2.337,5,1,4000000,4,0,0,0,0,1,18,0,0,1,0,0,0,0,0,0,0,461,0,0,1,0,0,0,1.0,1
2,1,214,1.5452,4.5178,6,4,71400000,3,1,0,0,0,0,4,0,0,0,0,0,0,0,0,0,1,568,1,0,1,0,0,0,2.6667,1
2,1,74,0.7918,4.3205,5,3,25500000,1,1,0,0,0,0,4,0,0,0,0,0,0,0,0,0,1,570,0,0,1,1,0,0,2.6667,1
2,1,117,5.8603,7.6986,28,4,28932322,3,1,0,0,0,0,0,0,0,0,0,1,0,0,0,0,0,121,1,0,0,0,1,0,2.6667,1
2,1,8,0.9616,5.7151,18,6,35200000,3,1,0,0,0,0,1,0,0,0,0,0,0,0,0,0,1,318,1,0,1,1,1,0,2.3333,1
12,0,246,5.2027,8.1178,2,2,10000000,1,0,0,1,0,0,24,0,0,0,0,0,0,0,0,0,1,522,1,0,0,0,1,0,2.5,1
2,1,549,0.7178,3.7068,11,3,22100000,4,1,0,0,0,0,1,0,0,0,0,0,0,0,0,0,1,117,1,0,1,1,0,0,2.6667,1
12,1,32,3.0521,9.4767,4,5,33000000,1,0,0,1,0,0,18,0,0,1,0,0,0,0,0,0,0,506,1,0,0,1,1,1,2.0,1
2,1,298,6.2986,6.2986,9,1,15000000,1,1,0,0,0,0,3,0,0,0,0,0,0,0,1,0,0,434,0,0,0,0,0,0,3.0,1
2,1,195,6.937,9.1589,6,3,13000000,1,1,0,0,0,0,18,0,0,1,0,0,0,0,0,0,0,883,0,0,0,0,0,1,3.0,1
2,1,177,1.9671,3.1945,5,2,12800000,1,1,0,0,0,0,18,0,0,1,0,0,0,0,0,0,0,242,0,0,1,1,0,0,2.5,1
22,0,8,0.1671,3.7808,6,2,626096,3,0,1,0,0,0,18,0,0,1,0,0,0,0,0,0,0,93,1,0,1,0,0,0,1.0,1
12,1,285,-0.1671,3.6493,12,4,20350000,3,0,0,1,0,0,1,0,0,0,0,0,0,0,0,0,1,458,0,1,1,1,0,0,3.75,1
2,0,68,5.7836,5.7836,1,1,10000000,1,1,0,0,0,0,12,0,0,0,0,0,0,0,0,0,1,544,1,0,0,0,0,0,3.0,1
2,1,457,0.5671,0.5671,5,1,425000,3,1,0,0,0,0,34,0,1,0,0,0,0,0,0,0,0,764,0,1,0,0,0,0,2.0,1
2,1,332,5.3644,7.9781,5,3,37891054,1,1,0,0,0,0,28,0,0,0,0,0,0,0,0,0,1,163,1,0,0,1,1,0,3.0,1
2,1,197,1.0877,7.7616,9,5,40000000,1,1,0,0,0,0,18,0,0,1,0,0,0,0,0,0,0,520,1,0,1,1,1,0,4.0,1
2,1,334,0.7014,2.126,10,3,5550000,4,1,0,0,0,0,11,0,0,0,0,0,1,0,0,0,0,699,0,0,1,1,0,0,3.0,1
2,1,477,0.5808,0.5808,3,1,770000,3,1,0,0,0,0,18,0,0,1,0,0,0,0,0,0,0,701,0,1,0,0,0,0,6.0,1
28,0,65,0.1068,4.7342,0,4,19550000,0,0,0,0,1,0,5,0,0,0,0,0,0,0,0,1,0,471,1,0,1,0,0,0,1.0,1
2,1,259,1.4795,2.2521,6,2,4000000,1,1,0,0,0,0,34,0,1,0,0,0,0,0,0,0,0,13,1,0,0,0,0,0,1.0,0
30,1,282,1.0849,5.8192,14,4,42000000,4,0,0,0,0,1,34,0,1,0,0,0,0,0,0,0,0,215,0,0,1,1,1,0,2.3333,1
3,0,506,3.6548,3.6548,0,1,1900000,0,0,0,0,0,1,22,0,0,0,0,0,0,0,0,0,1,431,0,0,1,0,0,0,1.0,1
2,1,53,1.1781,2.7151,21,3,45039999,3,1,0,0,0,0,11,0,0,0,0,0,1,0,0,0,0,528,0,0,1,1,1,0,3.6667,1
2,0,439,4.5315,4.5315,1,1,1310000,1,1,0,0,0,0,21,0,0,0,0,0,0,0,0,0,1,747,1,0,0,0,0,0,4.0,1
24,1,8,7.0027,7.0027,3,1,3000000,1,0,0,0,0,1,12,0,0,0,0,0,0,0,0,0,1,819,0,0,1,0,0,0,3.0,0
2,1,8,0.0,3.4548,9,4,36000000,3,1,0,0,0,0,30,1,0,0,0,0,0,0,0,0,0,535,0,0,1,1,1,1,3.0,1
2,1,411,0.1644,0.1644,3,1,3000000,1,1,0,0,0,0,30,1,0,0,0,0,0,0,0,0,0,751,1,0,0,0,0,0,1.0,0
0,0,61,9.7534,9.7534,1,1,50000,1,0,0,0,0,1,30,1,0,0,0,0,0,0,0,0,0,488,1,0,0,0,0,0,1.0,0
12,1,211,2.1233,6.0192,5,3,21900000,2,0,0,1,0,0,30,1,0,0,0,0,0,0,0,0,0,880,1,0,1,1,0,0,1.6667,1
22,1,166,0.4904,0.4904,6,1,240000,1,0,1,0,0,0,11,0,0,0,0,0,1,0,0,0,0,171,0,1,0,0,0,0,2.0,1
2,1,5,0.0,5.3014,17,4,34700000,1,1,0,0,0,0,30,1,0,0,0,0,0,0,0,0,0,82,1,0,1,1,0,0,2.25,1
9,1,472,1.2274,5.8712,4,4,33000000,2,0,0,0,0,1,30,1,0,0,0,0,0,0,0,0,0,549,1,0,1,1,1,0,5.3333,1
22,0,182,1.3014,2.4685,3,2,1800000,2,0,1,0,0,0,7,0,0,0,0,0,0,0,0,0,1,728,1,1,0,0,0,0,5.0,1
3,1,6,0.0,3.6548,14,3,27300000,4,0,0,0,0,1,0,0,0,0,0,1,0,0,0,0,0,849,0,0,1,1,1,0,3.0,1
2,0,216,3.1342,5.2521,6,2,6760000,2,1,0,0,0,0,34,0,1,0,0,0,0,0,0,0,0,565,1,0,0,0,0,0,1.5,1
2,1,0,0.0,6.4986,24,3,26914000,3,1,0,0,0,0,30,1,0,0,0,0,0,0,0,0,0,155,0,0,1,1,1,0,6.0,1
2,1,92,3.7562,3.7562,1,1,27500000,0,1,0,0,0,0,28,0,0,0,0,0,0,0,0,0,1,373,0,0,0,0,1,0,7.0,1
28,0,288,4.2795,4.2795,4,1,9000000,0,0,0,0,1,0,22,0,0,0,0,0,0,0,0,0,1,577,0,0,0,0,0,1,2.0,1
2,0,21,4.0356,4.0356,3,1,954000,1,1,0,0,0,0,24,0,0,0,0,0,0,0,0,0,1,354,1,0,0,0,0,0,1.0,0
2,1,302,5.3041,8.6247,4,3,53000000,0,1,0,0,0,0,28,0,0,0,0,0,0,0,0,0,1,232,0,0,0,0,1,1,4.6667,1
2,1,323,2.3315,6.6767,17,4,23100000,3,1,0,0,0,0,29,0,0,0,0,0,0,0,0,0,1,279,1,0,1,1,1,0,2.0,1
2,1,110,0.8329,3.937,26,4,55000000,5,1,0,0,0,0,34,0,1,0,0,0,0,0,0,0,0,146,0,0,1,1,1,1,2.75,1
22,1,327,1.0822,2.8548,9,2,5686383,3,0,1,0,0,0,18,0,0,1,0,0,0,0,0,0,0,43,0,0,1,0,0,0,2.0,0
2,0,379,4.4466,8.0849,4,6,49008830,1,1,0,0,0,0,3,0,0,0,0,0,0,0,1,0,0,329,1,0,1,0,1,0,3.0,1
2,1,145,1.6055,3.5479,10,3,32200000,0,1,0,0,0,0,18,0,0,1,0,0,0,0,0,0,0,882,0,0,1,1,1,0,4.0,1
28,0,24,1.2904,1.2904,3,1,2000000,1,0,0,0,1,0,34,0,1,0,0,0,0,0,0,0,0,128,0,0,1,0,0,0,1.0,0
22,1,251,3.2137,3.2137,5,1,2700000,2,0,1,0,0,0,11,0,0,0,0,0,1,0,0,0,0,682,0,0,1,0,0,0,2.0,1
32,0,31,5.1315,5.1315,6,1,2000000,2,0,0,0,0,1,0,0,0,0,0,1,0,0,0,0,0,183,0,0,1,0,0,0,2.0,0
22,1,561,0.0,3.9288,16,3,18000000,3,0,1,0,0,0,0,0,0,0,0,1,0,0,0,0,0,227,1,0,1,1,0,0,2.3333,1
31,1,491,5.6301,8.7589,9,5,122500000,2,0,0,0,0,1,18,0,0,1,0,0,0,0,0,0,0,858,1,0,0,0,1,1,5.6,1
2,1,470,0.5178,0.5178,9,1,1100000,2,1,0,0,0,0,0,0,0,0,0,1,0,0,0,0,0,283,0,0,1,0,0,0,6.0,1
12,0,282,7.2521,9.2274,1,3,52000000,1,0,0,1,0,0,27,0,0,0,0,0,0,0,0,0,1,560,1,0,0,1,0,0,2.6667,1
2,1,102,0.7589,2.8329,12,2,15500000,2,1,0,0,0,0,30,1,0,0,0,0,0,0,0,0,0,456,0,0,1,1,0,0,1.0,1
2,1,208,3.1205,3.1205,4,1,20000000,1,1,0,0,0,0,27,0,0,0,0,0,0,0,0,0,1,369,0,0,0,1,0,0,3.0,1
